C:/Users/grsch/Desktop/main/space.menu.html,C:/Users/grsch/Desktop/main/index.html
C:/Users/grsch/Desktop/main/Spring 2017 Archive.html,C:/Users/grsch/Desktop/main/spring-2017/index.html
C:/Users/grsch/Desktop/main/Field Notes - Spring 2017.html,C:/Users/grsch/Desktop/main/spring-2017/spring-2017-field-notes/index.html
C:/Users/grsch/Desktop/main/Nicole Basile - Field Notes SP17.html,C:/Users/grsch/Desktop/main/spring-2017/spring-2017-field-notes/nicole-basile/index.html
C:/Users/grsch/Desktop/main/Basile-HCR-SP17.html,C:/Users/grsch/Desktop/main/spring-2017/spring-2017-field-notes/nicole-basile/historical-culinary-recipe-reconstruction.html
C:/Users/grsch/Desktop/main/Basile-verdigris-SP17.html,C:/Users/grsch/Desktop/main/spring-2017/spring-2017-field-notes/nicole-basile/verdigris.html
C:/Users/grsch/Desktop/main/Basile-BreadMolding-SP17.html,C:/Users/grsch/Desktop/main/spring-2017/spring-2017-field-notes/nicole-basile/bread-molding.html
C:/Users/grsch/Desktop/main/Basile_Annotations_SP17.html,C:/Users/grsch/Desktop/main/spring-2017/spring-2017-field-notes/nicole-basile/annotations.html
C:/Users/grsch/Desktop/main/Gout Annotation Field Notes.html,C:/Users/grsch/Desktop/main/spring-2017/spring-2017-field-notes/nicole-basile/gout-annotation.html
C:/Users/grsch/Desktop/main/Hannah Elmer - Field Notes SP17.html,C:/Users/grsch/Desktop/main/spring-2017/spring-2017-field-notes/hannah-elmer/index.html
C:/Users/grsch/Desktop/main/Elmer-HCR-SP17.html,C:/Users/grsch/Desktop/main/spring-2017/spring-2017-field-notes/hannah-elmer/historical-culinary-reconstruction.html
C:/Users/grsch/Desktop/main/Elmer-Verdigris-SP17.html,C:/Users/grsch/Desktop/main/spring-2017/spring-2017-field-notes/hannah-elmer/verdigris.html
C:/Users/grsch/Desktop/main/Elmer-Bread Molding-SP17.html,C:/Users/grsch/Desktop/main/spring-2017/spring-2017-field-notes/hannah-elmer/bread-molding.html
C:/Users/grsch/Desktop/main/Elmer-Annotation Plans-SP17.html,C:/Users/grsch/Desktop/main/spring-2017/spring-2017-field-notes/hannah-elmer/annotation-plans.html
C:/Users/grsch/Desktop/main/Christopher Eom - Field Notes SP17.html,C:/Users/grsch/Desktop/main/spring-2017/spring-2017-field-notes/christopher-eom/index.html
C:/Users/grsch/Desktop/main/Eom - HCR SP17.html,C:/Users/grsch/Desktop/main/spring-2017/spring-2017-field-notes/christopher-eom/historical-culinary-reconstruction.html
C:/Users/grsch/Desktop/main/Eom - Verdigris SP17.html,C:/Users/grsch/Desktop/main/spring-2017/spring-2017-field-notes/christopher-eom/verdigris.html
C:/Users/grsch/Desktop/main/Eom - Bread Molding SP17.html,C:/Users/grsch/Desktop/main/spring-2017/spring-2017-field-notes/christopher-eom/bread-molding.html
C:/Users/grsch/Desktop/main/Eom - Annotation Plans SP17.html,C:/Users/grsch/Desktop/main/spring-2017/spring-2017-field-notes/christopher-eom/annotation-plans.html
C:/Users/grsch/Desktop/main/Eom - Madder Red Lake SP17.html,C:/Users/grsch/Desktop/main/spring-2017/spring-2017-field-notes/christopher-eom/madder-red-lake.html
C:/Users/grsch/Desktop/main/Jennifer Gambel Wellington - Field Notes SP17.html,C:/Users/grsch/Desktop/main/spring-2017/spring-2017-field-notes/jennifer-/index.html
C:/Users/grsch/Desktop/main/Wellington - HCR SP17.html,C:/Users/grsch/Desktop/main/spring-2017/spring-2017-field-notes/jennifer-/historical-culinary-recipe-reconstruction.html
C:/Users/grsch/Desktop/main/Verdigris Growing.html,C:/Users/grsch/Desktop/main/spring-2017/spring-2017-field-notes/jennifer-/verdigris.html
C:/Users/grsch/Desktop/main/Bread Mold & Sourdough Feeding.html,C:/Users/grsch/Desktop/main/spring-2017/spring-2017-field-notes/jennifer-/bread-molds.html
C:/Users/grsch/Desktop/main/Jennifer Gambel Wellington - Field Notes SP17.html,C:/Users/grsch/Desktop/main/spring-2017/spring-2017-field-notes/gambel-wellington/index.html
C:/Users/grsch/Desktop/main/Wellington - HCR SP17.html,C:/Users/grsch/Desktop/main/spring-2017/spring-2017-field-notes/gambel-wellington/historical-culinary-recipe-reconstruction.html
C:/Users/grsch/Desktop/main/Verdigris Growing.html,C:/Users/grsch/Desktop/main/spring-2017/spring-2017-field-notes/gambel-wellington/verdigris.html
C:/Users/grsch/Desktop/main/Bread Mold & Sourdough Feeding.html,C:/Users/grsch/Desktop/main/spring-2017/spring-2017-field-notes/gambel-wellington/bread-molds.html
C:/Users/grsch/Desktop/main/Sasha Grabovskiy - Field Notes SP17.html,C:/Users/grsch/Desktop/main/spring-2017/spring-2017-field-notes/sasha-/index.html
C:/Users/grsch/Desktop/main/Grabovskiy - Reconstruction SP17.html,C:/Users/grsch/Desktop/main/spring-2017/spring-2017-field-notes/sasha-/historical-culinary-recipe-reconstruction.html
C:/Users/grsch/Desktop/main/Grabovskiy - Verdigris SP17.html,C:/Users/grsch/Desktop/main/spring-2017/spring-2017-field-notes/sasha-/verdigris.html
C:/Users/grsch/Desktop/main/Grabovskiy - Bread Molding 17.html,C:/Users/grsch/Desktop/main/spring-2017/spring-2017-field-notes/sasha-/bread-molding.html
C:/Users/grsch/Desktop/main/Grabovskiy - Silkworm Annotation SP 2017.html,C:/Users/grsch/Desktop/main/spring-2017/spring-2017-field-notes/sasha-/annotation-silkworm.html
C:/Users/grsch/Desktop/main/Sasha Grabovskiy - Field Notes SP17.html,C:/Users/grsch/Desktop/main/spring-2017/spring-2017-field-notes/grabovskiy/index.html
C:/Users/grsch/Desktop/main/Grabovskiy - Reconstruction SP17.html,C:/Users/grsch/Desktop/main/spring-2017/spring-2017-field-notes/grabovskiy/historical-culinary-recipe-reconstruction.html
C:/Users/grsch/Desktop/main/Grabovskiy - Verdigris SP17.html,C:/Users/grsch/Desktop/main/spring-2017/spring-2017-field-notes/grabovskiy/verdigris.html
C:/Users/grsch/Desktop/main/Grabovskiy - Bread Molding 17.html,C:/Users/grsch/Desktop/main/spring-2017/spring-2017-field-notes/grabovskiy/bread-molding.html
C:/Users/grsch/Desktop/main/Grabovskiy - Silkworm Annotation SP 2017.html,C:/Users/grsch/Desktop/main/spring-2017/spring-2017-field-notes/grabovskiy/annotation-silkworm.html
C:/Users/grsch/Desktop/main/Xiaomeng Liu - Field Notes SP17.html,C:/Users/grsch/Desktop/main/spring-2017/spring-2017-field-notes/xiaomeng-liu/index.html
C:/Users/grsch/Desktop/main/Liu-HCR SP17.html,C:/Users/grsch/Desktop/main/spring-2017/spring-2017-field-notes/xiaomeng-liu/historical-culinary-recipe-reconstruction.html
C:/Users/grsch/Desktop/main/Liu-Verdigris SP17.html,C:/Users/grsch/Desktop/main/spring-2017/spring-2017-field-notes/xiaomeng-liu/verdigris.html
C:/Users/grsch/Desktop/main/Liu-Breadmolding SP17.html,C:/Users/grsch/Desktop/main/spring-2017/spring-2017-field-notes/xiaomeng-liu/bread-molding.html
C:/Users/grsch/Desktop/main/Liu-Madder_SP17.html,C:/Users/grsch/Desktop/main/spring-2017/spring-2017-field-notes/xiaomeng-liu/madder-lake.html
C:/Users/grsch/Desktop/main/Liu-Annotation1_SP17.html,C:/Users/grsch/Desktop/main/spring-2017/spring-2017-field-notes/xiaomeng-liu/annotation-plan-.html
C:/Users/grsch/Desktop/main/Liu-AnnotationSalve_SP17.html,C:/Users/grsch/Desktop/main/spring-2017/spring-2017-field-notes/xiaomeng-liu/annotation-1-salve-for-burn.html
C:/Users/grsch/Desktop/main/Liu_AnnotationTeeth SP17.html,C:/Users/grsch/Desktop/main/spring-2017/spring-2017-field-notes/xiaomeng-liu/annotation-2-for-the-teeth.html
C:/Users/grsch/Desktop/main/Liu-AnnotationPlaster SP17.html,C:/Users/grsch/Desktop/main/spring-2017/spring-2017-field-notes/xiaomeng-liu/annotation-3-plaster.html
C:/Users/grsch/Desktop/main/Ariane van Buren - Field Notes SP17.html,C:/Users/grsch/Desktop/main/spring-2017/spring-2017-field-notes/ariane-van-buren/index.html
C:/Users/grsch/Desktop/main/vanBuren-HCR-SP17.html,C:/Users/grsch/Desktop/main/spring-2017/spring-2017-field-notes/ariane-van-buren/historical-culinary-recipe-reconstruction.html
C:/Users/grsch/Desktop/main/vanBuren-Verdigris-SP17.html,C:/Users/grsch/Desktop/main/spring-2017/spring-2017-field-notes/ariane-van-buren/verdigris.html
C:/Users/grsch/Desktop/main/vanBuren_BreadMolding_SP17.html,C:/Users/grsch/Desktop/main/spring-2017/spring-2017-field-notes/ariane-van-buren/bread-molding.html
C:/Users/grsch/Desktop/main/vanBuren_SP17_Annotation.html,C:/Users/grsch/Desktop/main/spring-2017/spring-2017-field-notes/ariane-van-buren/annotation.html
C:/Users/grsch/Desktop/main/Wang - Field Notes SP17.html,C:/Users/grsch/Desktop/main/spring-2017/spring-2017-field-notes/xinguo-(casa)-wang-/index.html
C:/Users/grsch/Desktop/main/Annotation Fish Glue.html,C:/Users/grsch/Desktop/main/spring-2017/spring-2017-field-notes/xinguo-(casa)-wang-/annotation-fish-glue.html
C:/Users/grsch/Desktop/main/Spring 2017 Digital Archive.html,C:/Users/grsch/Desktop/main/spring-2017-digital/index.html
C:/Users/grsch/Desktop/main/DH Field Notes - Spring 2017.html,C:/Users/grsch/Desktop/main/spring-2017-digital/field-notes/index.html
C:/Users/grsch/Desktop/main/Sohini Chattopadhyay - DH Field Notes SP17.html,C:/Users/grsch/Desktop/main/spring-2017-digital/field-notes/sohini-chattopadhyay/index.html
C:/Users/grsch/Desktop/main/structuring metadata.html,C:/Users/grsch/Desktop/main/spring-2017-digital/field-notes/sohini-chattopadhyay/first-metadata-table.html
C:/Users/grsch/Desktop/main/Second Metadata Table.html,C:/Users/grsch/Desktop/main/spring-2017-digital/field-notes/sohini-chattopadhyay/second-metadata-table.html
C:/Users/grsch/Desktop/main/creating a consolidated file of all assigned folios.html,C:/Users/grsch/Desktop/main/spring-2017-digital/field-notes/sohini-chattopadhyay/creating-a-consolidated-file-of-all-assigned-folios.html
C:/Users/grsch/Desktop/main/Harry Mairson.html,C:/Users/grsch/Desktop/main/spring-2017-digital/field-notes/sohini-chattopadhyay/guest-lecture-harry-mairson.html
C:/Users/grsch/Desktop/main/Classnote on Minimal Computing.html,C:/Users/grsch/Desktop/main/spring-2017-digital/field-notes/sohini-chattopadhyay/classnote-on-minimal-computing.html
C:/Users/grsch/Desktop/main/Markdown entry files.html,C:/Users/grsch/Desktop/main/spring-2017-digital/field-notes/sohini-chattopadhyay/markdown-entry-files.html
C:/Users/grsch/Desktop/main/Classnote on Introduction to XML.html,C:/Users/grsch/Desktop/main/spring-2017-digital/field-notes/sohini-chattopadhyay/classnote-on-introduction-to-xml.html
C:/Users/grsch/Desktop/main/Readings on XML.html,C:/Users/grsch/Desktop/main/spring-2017-digital/field-notes/sohini-chattopadhyay/readings-on-xml.html
C:/Users/grsch/Desktop/main/XML tagging in entry-files.html,C:/Users/grsch/Desktop/main/spring-2017-digital/field-notes/sohini-chattopadhyay/xml-tagging-in-entry-files.html
C:/Users/grsch/Desktop/main/XSLT DTD.html,C:/Users/grsch/Desktop/main/spring-2017-digital/field-notes/sohini-chattopadhyay/xslt-dtd.html
C:/Users/grsch/Desktop/main/Jiayi Li - DH Field Notes SP17.html,C:/Users/grsch/Desktop/main/spring-2017-digital/field-notes/jiayi-li/index.html
C:/Users/grsch/Desktop/main/Li - Lab 3 - Metadata SP17.html,C:/Users/grsch/Desktop/main/spring-2017-digital/field-notes/jiayi-li/lab-3-metadata.html
C:/Users/grsch/Desktop/main/Xiaomeng Liu - DH Field Notes SP17.html,C:/Users/grsch/Desktop/main/spring-2017-digital/field-notes/xiaomeng-liu/index.html
C:/Users/grsch/Desktop/main/Liu-Lab3-Metadata SP17DH.html,C:/Users/grsch/Desktop/main/spring-2017-digital/field-notes/xiaomeng-liu/lab-3-metadata.html
C:/Users/grsch/Desktop/main/Anisha Padma - DH Field Notes SP17.html,C:/Users/grsch/Desktop/main/spring-2017-digital/field-notes/anisha-padma/index.html
C:/Users/grsch/Desktop/main/Sarah Pearlman Shapiro - DH Field Notes SP17.html,C:/Users/grsch/Desktop/main/spring-2017-digital/field-notes/sarah-pearlman-shapiro/index.html
C:/Users/grsch/Desktop/main/Nikhil Ramachandran - DH Field Notes SP17.html,C:/Users/grsch/Desktop/main/spring-2017-digital/field-notes/nikhil-ramachandran/index.html
C:/Users/grsch/Desktop/main/Wenrui Zhao - DH Field Notes SP17.html,C:/Users/grsch/Desktop/main/spring-2017-digital/field-notes/wenrui-zhao/index.html
C:/Users/grsch/Desktop/main/Hiebert - Field Notes - SP17.html,C:/Users/grsch/Desktop/main/spring-2017-digital/field-notes/benjamin-hiebert/index.html
C:/Users/grsch/Desktop/main/First Metadata Assignment.html,C:/Users/grsch/Desktop/main/spring-2017-digital/field-notes/benjamin-hiebert/metadata-assignments.html
C:/Users/grsch/Desktop/main/XML assignments.html,C:/Users/grsch/Desktop/main/spring-2017-digital/field-notes/benjamin-hiebert/xml-assignments.html
C:/Users/grsch/Desktop/main/TA - DH Field Notes SP17.html,C:/Users/grsch/Desktop/main/spring-2017-digital/field-notes/ta-field-notes/index.html
C:/Users/grsch/Desktop/main/Mehul Kumar - Field Notes SP17.html,C:/Users/grsch/Desktop/main/spring-2017-digital/field-notes/ta-field-notes/mehul-kumar.html
C:/Users/grsch/Desktop/main/Example DH.html,C:/Users/grsch/Desktop/main/spring-2017-digital/field-notes/example-dh/index.html
C:/Users/grsch/Desktop/main/Rosenkranz - Lab 3 - Metadata SP17.html,C:/Users/grsch/Desktop/main/spring-2017-digital/field-notes/example-dh/lab-3_metadata.html
C:/Users/grsch/Desktop/main/Fall 2016 Archive.html,C:/Users/grsch/Desktop/main/fall-2016/index.html
C:/Users/grsch/Desktop/main/Field Notes - Fall 2016.html,C:/Users/grsch/Desktop/main/fall-2016/field-notes/index.html
"C:/Users/grsch/Desktop/main/Fong, Sau-yi - Field Notes FA16.html",C:/Users/grsch/Desktop/main/fall-2016/field-notes/sau-yi-fong/index.html
C:/Users/grsch/Desktop/main/Fong - HCR FA16.html,C:/Users/grsch/Desktop/main/fall-2016/field-notes/sau-yi-fong/historical-culinary-reconstruction.html
C:/Users/grsch/Desktop/main/Bread Molding.html,C:/Users/grsch/Desktop/main/fall-2016/field-notes/sau-yi-fong/bread-molding.html
C:/Users/grsch/Desktop/main/Sau-yi Fong - Verdigris FA 16.html,C:/Users/grsch/Desktop/main/fall-2016/field-notes/sau-yi-fong/verdigris.html
C:/Users/grsch/Desktop/main/Sau-yi Fong - Annotation Plans FA 16.html,C:/Users/grsch/Desktop/main/fall-2016/field-notes/sau-yi-fong/annotation-plans.html
C:/Users/grsch/Desktop/main/Sau-yi Fong - Madder Lake Making FA 16.html,C:/Users/grsch/Desktop/main/fall-2016/field-notes/sau-yi-fong/madder-lake-making.html
C:/Users/grsch/Desktop/main/Fong - Annotation Buckram Sausage FA 16.html,C:/Users/grsch/Desktop/main/fall-2016/field-notes/sau-yi-fong/fong_annotation-field-notes-for-buckram-sausage-fa16-.html
C:/Users/grsch/Desktop/main/Joslyn DeVinney - Field Notes FA16.html,C:/Users/grsch/Desktop/main/fall-2016/field-notes/joslyn-devinney/index.html
C:/Users/grsch/Desktop/main/DeVinney - HCR FA16.html,C:/Users/grsch/Desktop/main/fall-2016/field-notes/joslyn-devinney/historical-culinary-reconstruction.html
C:/Users/grsch/Desktop/main/DeVinney - BMR FA16.html,C:/Users/grsch/Desktop/main/fall-2016/field-notes/joslyn-devinney/bread-molding-reconstruction.html
C:/Users/grsch/Desktop/main/DeVinney - Verdigris FA16.html,C:/Users/grsch/Desktop/main/fall-2016/field-notes/joslyn-devinney/verdigris.html
C:/Users/grsch/Desktop/main/DeVinney - Annotation - Smoke as Medicine FA16.html,C:/Users/grsch/Desktop/main/fall-2016/field-notes/joslyn-devinney/annotation-plans.html
C:/Users/grsch/Desktop/main/DeVinney - Madder Lake FA16.html,C:/Users/grsch/Desktop/main/fall-2016/field-notes/joslyn-devinney/madder-lake-making.html
C:/Users/grsch/Desktop/main/Ana Matisse Donefer-Hickie - Field Notes FA16.html,C:/Users/grsch/Desktop/main/fall-2016/field-notes/ana-matisse-donefer-hickie/index.html
C:/Users/grsch/Desktop/main/Donefer-Hickie - HCR FA16.html,C:/Users/grsch/Desktop/main/fall-2016/field-notes/ana-matisse-donefer-hickie/historical-culinary-reconstruction.html
C:/Users/grsch/Desktop/main/Donefer-Hickie - BM FA16.html,C:/Users/grsch/Desktop/main/fall-2016/field-notes/ana-matisse-donefer-hickie/bread-molding.html
C:/Users/grsch/Desktop/main/Donefer-Hickie - V FA16.html,C:/Users/grsch/Desktop/main/fall-2016/field-notes/ana-matisse-donefer-hickie/verdigris.html
C:/Users/grsch/Desktop/main/Donefer-Hickie - AP-ForCagesFA16.html,C:/Users/grsch/Desktop/main/fall-2016/field-notes/ana-matisse-donefer-hickie/annotation-plan.html
C:/Users/grsch/Desktop/main/Donefer-Hickie - Annotation - ForCagesFA16.html,C:/Users/grsch/Desktop/main/fall-2016/field-notes/ana-matisse-donefer-hickie/annotation.html
C:/Users/grsch/Desktop/main/Donefer-Hickie - MD FA16.html,C:/Users/grsch/Desktop/main/fall-2016/field-notes/ana-matisse-donefer-hickie/madder-dye.html
C:/Users/grsch/Desktop/main/Hiebert - Field Notes FA16.html,C:/Users/grsch/Desktop/main/fall-2016/field-notes/benjamin-hiebert/index.html
C:/Users/grsch/Desktop/main/Hiebert - HCR FA16.html,C:/Users/grsch/Desktop/main/fall-2016/field-notes/benjamin-hiebert/historical-culinary-reconstruction.html
C:/Users/grsch/Desktop/main/Bread Molding Reconstruction-Ben Hiebert and Sau-Yi Fong.html,C:/Users/grsch/Desktop/main/fall-2016/field-notes/benjamin-hiebert/bread-molding-reconstruction.html
C:/Users/grsch/Desktop/main/Verdigris - Ben Hiebert FA16.html,C:/Users/grsch/Desktop/main/fall-2016/field-notes/benjamin-hiebert/verdigris.html
C:/Users/grsch/Desktop/main/Hiebert - Annotation Field Notes FA16.html,C:/Users/grsch/Desktop/main/fall-2016/field-notes/benjamin-hiebert/hiebert_annotation-field-notes-+quotspinet-playing-by-itself+quot-fa16.html
C:/Users/grsch/Desktop/main/Madder lake pigment.html,C:/Users/grsch/Desktop/main/fall-2016/field-notes/benjamin-hiebert/madder-lake-pigment.html
"C:/Users/grsch/Desktop/main/Kang, Charles - Field Notes FA16.html",C:/Users/grsch/Desktop/main/fall-2016/field-notes/changduk-(charles)-kang/index.html
C:/Users/grsch/Desktop/main/Kang HCR FA16.html,C:/Users/grsch/Desktop/main/fall-2016/field-notes/changduk-(charles)-kang/historical-culinary-reconstruction.html
C:/Users/grsch/Desktop/main/Bread Molding Reconstruction FA16 Lores-Chavez & Kang.html,C:/Users/grsch/Desktop/main/fall-2016/field-notes/changduk-(charles)-kang/bread-molding-reconstruction.html
C:/Users/grsch/Desktop/main/Kang - Verdigris FA16.html,C:/Users/grsch/Desktop/main/fall-2016/field-notes/changduk-(charles)-kang/verdigris.html
C:/Users/grsch/Desktop/main/Kang & Lores-Chavez Annotation Plans.html,C:/Users/grsch/Desktop/main/fall-2016/field-notes/changduk-(charles)-kang/black-sulfured-wax_annotation-plan-draft-i.html
C:/Users/grsch/Desktop/main/Kang & Lores-Chavez - Black Sulfur Wax FA16.html,C:/Users/grsch/Desktop/main/fall-2016/field-notes/changduk-(charles)-kang/black-sulfured-wax_annotation-plan-draft-ii.html
C:/Users/grsch/Desktop/main/Kang - Red (Madder) Lake.html,C:/Users/grsch/Desktop/main/fall-2016/field-notes/changduk-(charles)-kang/red-(madder)-lake.html
C:/Users/grsch/Desktop/main/Kang & Lores-Chavez - Annotation Field Notes Black Sulfured Wax FA16.html,C:/Users/grsch/Desktop/main/fall-2016/field-notes/changduk-(charles)-kang/black-sulfured-wax_field-notes.html
C:/Users/grsch/Desktop/main/Emma Le Pouesard - Field Notes FA16.html,C:/Users/grsch/Desktop/main/fall-2016/field-notes/emma-le-pouesard/index.html
C:/Users/grsch/Desktop/main/Le Pouesard - Historical Culinary Reconstruction FA16.html,C:/Users/grsch/Desktop/main/fall-2016/field-notes/emma-le-pouesard/historical-culinary-reconstruction.html
C:/Users/grsch/Desktop/main/Bread Mold Reconstruction.html,C:/Users/grsch/Desktop/main/fall-2016/field-notes/emma-le-pouesard/bread-mold-reconstruction.html
C:/Users/grsch/Desktop/main/Verdigris Painting Out.html,C:/Users/grsch/Desktop/main/fall-2016/field-notes/emma-le-pouesard/verdigris-painting-out.html
C:/Users/grsch/Desktop/main/Annotations Plan.html,C:/Users/grsch/Desktop/main/fall-2016/field-notes/emma-le-pouesard/annotations-plan.html
C:/Users/grsch/Desktop/main/Madder for Lake.html,C:/Users/grsch/Desktop/main/fall-2016/field-notes/emma-le-pouesard/madder-for-lake.html
C:/Users/grsch/Desktop/main/Isabella Lores-Chavez - Field Notes FA16.html,C:/Users/grsch/Desktop/main/fall-2016/field-notes/isabella-lores-chavez/index.html
C:/Users/grsch/Desktop/main/Caitlyn Sellar - Field Notes FA16.html,C:/Users/grsch/Desktop/main/fall-2016/field-notes/caitlyn-sellar/index.html
C:/Users/grsch/Desktop/main/Sellar - HCR FA16.html,C:/Users/grsch/Desktop/main/fall-2016/field-notes/caitlyn-sellar/historical-culinary-reconstruction.html
C:/Users/grsch/Desktop/main/Sellar - BMR FA16.html,C:/Users/grsch/Desktop/main/fall-2016/field-notes/caitlyn-sellar/bread-molding-reconstruction.html
C:/Users/grsch/Desktop/main/Sellar - VR FA16.html,C:/Users/grsch/Desktop/main/fall-2016/field-notes/caitlyn-sellar/verdigris.html
C:/Users/grsch/Desktop/main/Sellar - AP FA16.html,C:/Users/grsch/Desktop/main/fall-2016/field-notes/caitlyn-sellar/annotation-plan.html
C:/Users/grsch/Desktop/main/Sellar - MDR FA16.html,C:/Users/grsch/Desktop/main/fall-2016/field-notes/caitlyn-sellar/madder-dye-reconstruction.html
C:/Users/grsch/Desktop/main/Spring 2016 archive.html,C:/Users/grsch/Desktop/main/spring-2016/index.html
C:/Users/grsch/Desktop/main/Field Notes - Spring 2016.html,C:/Users/grsch/Desktop/main/spring-2016/-field-notes/index.html
C:/Users/grsch/Desktop/main/Naomi Rosenkranz and Bella Buscarino - Field Notes SP16.html,C:/Users/grsch/Desktop/main/spring-2016/-field-notes/naomi-rosenkranz-and-bella-buscarino/index.html
C:/Users/grsch/Desktop/main/Rosenkranz Buscarino - Verdigris SP16.html,C:/Users/grsch/Desktop/main/spring-2016/-field-notes/naomi-rosenkranz-and-bella-buscarino/verdigris.html
C:/Users/grsch/Desktop/main/Ann-Sophie Barwich - Field Notes SP16.html,C:/Users/grsch/Desktop/main/spring-2016/-field-notes/barwich-ann-sophie/index.html
C:/Users/grsch/Desktop/main/Barwich - Verdigris SP16.html,C:/Users/grsch/Desktop/main/spring-2016/-field-notes/barwich-ann-sophie/verdigris.html
C:/Users/grsch/Desktop/main/Barwich - Canvas Preparation SP16.html,C:/Users/grsch/Desktop/main/spring-2016/-field-notes/barwich-ann-sophie/canvas-preparation.html
C:/Users/grsch/Desktop/main/Barwich - Burnt Sienna SP16.html,C:/Users/grsch/Desktop/main/spring-2016/-field-notes/barwich-ann-sophie/burnt-sienna.html
C:/Users/grsch/Desktop/main/Barwich - Pouncing and Transferring SP16.html,C:/Users/grsch/Desktop/main/spring-2016/-field-notes/barwich-ann-sophie/pouncing-and-transferring.html
C:/Users/grsch/Desktop/main/Amy Chang - Field Notes SP16.html,C:/Users/grsch/Desktop/main/spring-2016/-field-notes/chang-amy/index.html
C:/Users/grsch/Desktop/main/Olivia Clemens - Field Notes SP16.html,C:/Users/grsch/Desktop/main/spring-2016/-field-notes/chang-amy/culinary-home-reconstruction-lab.html
C:/Users/grsch/Desktop/main/Olivia Clemens - Field Notes SP16.html,C:/Users/grsch/Desktop/main/spring-2016/-field-notes/clemens-olivia/index.html
C:/Users/grsch/Desktop/main/Goldenberg- Verdigris.html,C:/Users/grsch/Desktop/main/spring-2016/-field-notes/clemens-olivia/here.html
"C:/Users/grsch/Desktop/main/Goldenberg, Lila.html",C:/Users/grsch/Desktop/main/spring-2016/-field-notes/goldenberg-lila/index.html
C:/Users/grsch/Desktop/main/Pitman Goldenberg- Historical Culinary Recontruction.html,C:/Users/grsch/Desktop/main/spring-2016/-field-notes/goldenberg-lila/culinary-reconstruction.html
C:/Users/grsch/Desktop/main/Goldenberg- Verdigris.html,C:/Users/grsch/Desktop/main/spring-2016/-field-notes/goldenberg-lila/verdigris.html
C:/Users/grsch/Desktop/main/Flower Still Life.html,C:/Users/grsch/Desktop/main/spring-2016/-field-notes/goldenberg-lila/flower-still-life.html
C:/Users/grsch/Desktop/main/Goldenberg-Painting_With_Distemper.html,C:/Users/grsch/Desktop/main/spring-2016/-field-notes/goldenberg-lila/painting-in-distemper.html
C:/Users/grsch/Desktop/main/Njeri Ndungu -  Field Notes SP16.html,C:/Users/grsch/Desktop/main/spring-2016/-field-notes/ndungu-njeri/index.html
C:/Users/grsch/Desktop/main/Ndungu - Field Notes SP16 - HCR.html,C:/Users/grsch/Desktop/main/spring-2016/-field-notes/ndungu-njeri/historical-culinary-reconstruction.html
C:/Users/grsch/Desktop/main/Njeri Ndungu - Field Notes SP16 - Verdigris.html,C:/Users/grsch/Desktop/main/spring-2016/-field-notes/ndungu-njeri/verdigris.html
C:/Users/grsch/Desktop/main/Njeri Ndungu - Field Notes SP16 - Canvas Prep.html,C:/Users/grsch/Desktop/main/spring-2016/-field-notes/ndungu-njeri/canvas-prep.html
C:/Users/grsch/Desktop/main/Ndungu - Field Notes SP16 - Panel Painting.html,C:/Users/grsch/Desktop/main/spring-2016/-field-notes/ndungu-njeri/panel-painting.html
C:/Users/grsch/Desktop/main/Njeri Ndungu - Field Notes SP16 - Still Life Flower.html,C:/Users/grsch/Desktop/main/spring-2016/-field-notes/ndungu-njeri/still-life-flower.html
C:/Users/grsch/Desktop/main/Teresa Soley - Field Notes SP16 - Annotation Plans.html,C:/Users/grsch/Desktop/main/spring-2016/-field-notes/ndungu-njeri/annotation-plans.html
C:/Users/grsch/Desktop/main/Cleo Nisse - Field Notes SP16.html,C:/Users/grsch/Desktop/main/spring-2016/-field-notes/nisse-cleo/index.html
C:/Users/grsch/Desktop/main/Verdigris.html,C:/Users/grsch/Desktop/main/spring-2016/-field-notes/nisse-cleo/verdigris.html
"C:/Users/grsch/Desktop/main/Nisse, Cleo 2.html",C:/Users/grsch/Desktop/main/spring-2016/-field-notes/nisse-cleo-2/index.html
C:/Users/grsch/Desktop/main/Verdigris Cleo.html,C:/Users/grsch/Desktop/main/spring-2016/-field-notes/nisse-cleo-2/verdigris.html
C:/Users/grsch/Desktop/main/Flower Painting.html,C:/Users/grsch/Desktop/main/spring-2016/-field-notes/nisse-cleo-2/flower-paintin.html
C:/Users/grsch/Desktop/main/Distemper Painting - Skill Building.html,C:/Users/grsch/Desktop/main/spring-2016/-field-notes/nisse-cleo-2/distemper-painting_skill-building.html
C:/Users/grsch/Desktop/main/Annotation Plans Cleo.html,C:/Users/grsch/Desktop/main/spring-2016/-field-notes/nisse-cleo-2/annotation-plans-cleo.html
C:/Users/grsch/Desktop/main/Annotation Field Notes.html,C:/Users/grsch/Desktop/main/spring-2016/annotation-field-notes/index.html
"C:/Users/grsch/Desktop/main/Enamels, Gems, Lacquers and Practical Optics (Yuanxie, Amy, Olivia).html",C:/Users/grsch/Desktop/main/spring-2016/annotation-field-notes/enamels-gems-lacquers-and-practical-optics-(yuanxie-amy-olivia)/index.html
C:/Users/grsch/Desktop/main/Annotation Plans & Research Questions.html,C:/Users/grsch/Desktop/main/spring-2016/annotation-field-notes/enamels-gems-lacquers-and-practical-optics-(yuanxie-amy-olivia)/annotation-plans-+-research-questions.html
C:/Users/grsch/Desktop/main/Recipes from BnF MS.html,C:/Users/grsch/Desktop/main/spring-2016/annotation-field-notes/enamels-gems-lacquers-and-practical-optics-(yuanxie-amy-olivia)/recipes-from-bnf-ms.html
C:/Users/grsch/Desktop/main/Bibliography & Primary Source Notes on Contemporary Recipes.html,C:/Users/grsch/Desktop/main/spring-2016/annotation-field-notes/enamels-gems-lacquers-and-practical-optics-(yuanxie-amy-olivia)/contemporary-recipes.html
C:/Users/grsch/Desktop/main/Enamels Bibliography & Secondary Source Notes.html,C:/Users/grsch/Desktop/main/spring-2016/annotation-field-notes/enamels-gems-lacquers-and-practical-optics-(yuanxie-amy-olivia)/enamels-bibliography-+-secondary-source-notes.html
C:/Users/grsch/Desktop/main/Bibliography & Secondary Source Notes.html,C:/Users/grsch/Desktop/main/spring-2016/annotation-field-notes/enamels-gems-lacquers-and-practical-optics-(yuanxie-amy-olivia)/gemstones-bibliography-+-secondary-source-notes.html
C:/Users/grsch/Desktop/main/Sourcing & Safety.html,C:/Users/grsch/Desktop/main/spring-2016/annotation-field-notes/enamels-gems-lacquers-and-practical-optics-(yuanxie-amy-olivia)/materials-sourcing-+-safety.html
C:/Users/grsch/Desktop/main/Experimental Protocol.html,C:/Users/grsch/Desktop/main/spring-2016/annotation-field-notes/enamels-gems-lacquers-and-practical-optics-(yuanxie-amy-olivia)/experimental-protocol.html
C:/Users/grsch/Desktop/main/Experiment Field Notes.html,C:/Users/grsch/Desktop/main/spring-2016/annotation-field-notes/enamels-gems-lacquers-and-practical-optics-(yuanxie-amy-olivia)/experiment-field-notes.html
C:/Users/grsch/Desktop/main/Dyes and Textiles (Sophie Pitman).html,C:/Users/grsch/Desktop/main/spring-2016/annotation-field-notes/dyes-and-textiles-(sophie)/index.html
C:/Users/grsch/Desktop/main/Ms. Fr. 640 (Dyes and Textile Recipes).html,C:/Users/grsch/Desktop/main/spring-2016/annotation-field-notes/dyes-and-textiles-(sophie)/ms-fr-640-recipes.html
C:/Users/grsch/Desktop/main/Dye recipes from other sources.html,C:/Users/grsch/Desktop/main/spring-2016/annotation-field-notes/dyes-and-textiles-(sophie)/recipes-from-other-sources.html
C:/Users/grsch/Desktop/main/Secondary source research (dyes and textiles).html,C:/Users/grsch/Desktop/main/spring-2016/annotation-field-notes/dyes-and-textiles-(sophie)/secondary-source-research.html
C:/Users/grsch/Desktop/main/Plan for research (Pitman).html,C:/Users/grsch/Desktop/main/spring-2016/annotation-field-notes/dyes-and-textiles-(sophie)/plan-for-research.html
C:/Users/grsch/Desktop/main/Materials required (Pitman).html,C:/Users/grsch/Desktop/main/spring-2016/annotation-field-notes/dyes-and-textiles-(sophie)/materials-required.html
C:/Users/grsch/Desktop/main/Safety Protocol.html,C:/Users/grsch/Desktop/main/spring-2016/annotation-field-notes/dyes-and-textiles-(sophie)/safety-protocol.html
C:/Users/grsch/Desktop/main/Annotation - Sophie Pitman - Dyes.html,C:/Users/grsch/Desktop/main/spring-2016/annotation-field-notes/dyes-and-textiles-(sophie)/annotation-notes.html
C:/Users/grsch/Desktop/main/Magic Tricks (Ann-Sophie).html,C:/Users/grsch/Desktop/main/spring-2016/annotation-field-notes/magic-tricks-(ann-sophie)/index.html
C:/Users/grsch/Desktop/main/Recipe List.html,C:/Users/grsch/Desktop/main/spring-2016/annotation-field-notes/magic-tricks-(ann-sophie)/recipe-list.html
C:/Users/grsch/Desktop/main/Mapping out the Context.html,C:/Users/grsch/Desktop/main/spring-2016/annotation-field-notes/magic-tricks-(ann-sophie)/mapping-out-the-context.html
C:/Users/grsch/Desktop/main/Structural & Content Components of the Recipes.html,C:/Users/grsch/Desktop/main/spring-2016/annotation-field-notes/magic-tricks-(ann-sophie)/structural-+-content-components-of-the-recipes.html
C:/Users/grsch/Desktop/main/Composition of the Magic Tricks.html,C:/Users/grsch/Desktop/main/spring-2016/annotation-field-notes/magic-tricks-(ann-sophie)/composition-of-the-magic-tricks.html
C:/Users/grsch/Desktop/main/Practical Approach.html,C:/Users/grsch/Desktop/main/spring-2016/annotation-field-notes/magic-tricks-(ann-sophie)/practical-approach.html
C:/Users/grsch/Desktop/main/Experimental Recreations of Recipes.html,C:/Users/grsch/Desktop/main/spring-2016/annotation-field-notes/magic-tricks-(ann-sophie)/experimental-recreations-of-recipes.html
C:/Users/grsch/Desktop/main/Barwich_Safety Protocol.html,C:/Users/grsch/Desktop/main/spring-2016/annotation-field-notes/magic-tricks-(ann-sophie)/barwich_safety-protocol.html
"C:/Users/grsch/Desktop/main/Shadows, Distempers and Black (Cleo).html",C:/Users/grsch/Desktop/main/spring-2016/annotation-field-notes/distemper-and-shadows-beneath-skin-(cleo)/index.html
C:/Users/grsch/Desktop/main/Excerpts from Ms. Fr 640 that relate to this research.html,C:/Users/grsch/Desktop/main/spring-2016/annotation-field-notes/distemper-and-shadows-beneath-skin-(cleo)/excerpts-from-ms-fr-640-that-relate-to-this-research.html
C:/Users/grsch/Desktop/main/Relevant excerpts from other sources.html,C:/Users/grsch/Desktop/main/spring-2016/annotation-field-notes/distemper-and-shadows-beneath-skin-(cleo)/relevant-excerpts-from-other-sources.html
C:/Users/grsch/Desktop/main/The context of the 'recipe' within Ms. Fr 640Notes from secondary sources.html,C:/Users/grsch/Desktop/main/spring-2016/annotation-field-notes/distemper-and-shadows-beneath-skin-(cleo)/the-context-of-the-recipe-within-ms-fr-640.html
C:/Users/grsch/Desktop/main/The context of the 'recipe' within Ms. Fr 640Notes from secondary sources.html,C:/Users/grsch/Desktop/main/spring-2016/annotation-field-notes/distemper-and-shadows-beneath-skin-(cleo)/notes-from-secondary-sources.html
C:/Users/grsch/Desktop/main/The historical questions this research will address.html,C:/Users/grsch/Desktop/main/spring-2016/annotation-field-notes/distemper-and-shadows-beneath-skin-(cleo)/the-historical-questions-this-research-will-address.html
C:/Users/grsch/Desktop/main/Schematic Plan.html,C:/Users/grsch/Desktop/main/spring-2016/annotation-field-notes/distemper-and-shadows-beneath-skin-(cleo)/schematic-plan.html
C:/Users/grsch/Desktop/main/'Experiment 1' Distemper Painting Plan.html,C:/Users/grsch/Desktop/main/spring-2016/annotation-field-notes/distemper-and-shadows-beneath-skin-(cleo)/experiment-1-distemper-painting-plan.html
C:/Users/grsch/Desktop/main/Field notes - week by week annotation notes.html,C:/Users/grsch/Desktop/main/spring-2016/annotation-field-notes/distemper-and-shadows-beneath-skin-(cleo)/field-notes_week-by-week-annotation-notes.html
C:/Users/grsch/Desktop/main/066r_Women's Shadows (in oil).html,C:/Users/grsch/Desktop/main/spring-2016/annotation-field-notes/distemper-and-shadows-beneath-skin-(cleo)/066r_womens-shadows-(in-oil).html
C:/Users/grsch/Desktop/main/065r_Men's Shadows (in oil).html,C:/Users/grsch/Desktop/main/spring-2016/annotation-field-notes/distemper-and-shadows-beneath-skin-(cleo)/065r_mens-shadows-(in-oil).html
C:/Users/grsch/Desktop/main/Applications on Paper (Lila and Olivia).html,C:/Users/grsch/Desktop/main/spring-2016/annotation-field-notes/applications-on-paper-(old)/index.html
C:/Users/grsch/Desktop/main/Preliminary Annotation Plans.html,C:/Users/grsch/Desktop/main/spring-2016/annotation-field-notes/applications-on-paper-(old)/preliminary-annotation-plans.html
C:/Users/grsch/Desktop/main/BnF Recipes .html,C:/Users/grsch/Desktop/main/spring-2016/annotation-field-notes/applications-on-paper-(old)/bnf-recipes-.html
C:/Users/grsch/Desktop/main/Contemporary Sources & Recipes .html,C:/Users/grsch/Desktop/main/spring-2016/annotation-field-notes/applications-on-paper-(old)/contemporary-sources-+-recipes-.html
C:/Users/grsch/Desktop/main/Secondary Sources.html,C:/Users/grsch/Desktop/main/spring-2016/annotation-field-notes/applications-on-paper-(old)/secondary-sources.html
C:/Users/grsch/Desktop/main/Materials Source List.html,C:/Users/grsch/Desktop/main/spring-2016/annotation-field-notes/applications-on-paper-(old)/materials-source-list.html
C:/Users/grsch/Desktop/main/Protocol .html,C:/Users/grsch/Desktop/main/spring-2016/annotation-field-notes/applications-on-paper-(old)/protocol.html
C:/Users/grsch/Desktop/main/applications on paper field notes.html,C:/Users/grsch/Desktop/main/spring-2016/annotation-field-notes/applications-on-paper-(old)/field-notes.html
"C:/Users/grsch/Desktop/main/Goldenberg Ndungu, Soley - Field Notes SP16 - Annotation.html",C:/Users/grsch/Desktop/main/spring-2016/annotation-field-notes/gilding-on-wood-(njeri)/index.html
C:/Users/grsch/Desktop/main/GNS - Field Notes SP16 - Ms. Fr. 640 Recipes.html,C:/Users/grsch/Desktop/main/spring-2016/annotation-field-notes/gilding-on-wood-(njeri)/ms-fr-640-recipes.html
C:/Users/grsch/Desktop/main/GNS - Field Notes SP16 - Contemporary Recipes.html,C:/Users/grsch/Desktop/main/spring-2016/annotation-field-notes/gilding-on-wood-(njeri)/contemporary-recipes.html
C:/Users/grsch/Desktop/main/GNS - Field Notes SP16 - Secondary Source Notes.html,C:/Users/grsch/Desktop/main/spring-2016/annotation-field-notes/gilding-on-wood-(njeri)/secondary-source-notes.html
C:/Users/grsch/Desktop/main/GNS - Field Notes SP16 - Experimental Protocols.html,C:/Users/grsch/Desktop/main/spring-2016/annotation-field-notes/gilding-on-wood-(njeri)/experimental-protocols.html
C:/Users/grsch/Desktop/main/GNS - Field Notes SP16 - Experimental Field Notes.html,C:/Users/grsch/Desktop/main/spring-2016/annotation-field-notes/gilding-on-wood-(njeri)/experimental-field-notes.html
C:/Users/grsch/Desktop/main/Medicinal Remedies and Color Recipes (Robin).html,C:/Users/grsch/Desktop/main/spring-2016/annotation-field-notes/medicinal-remedies-and-color-recipes-(robin)/index.html
C:/Users/grsch/Desktop/main/Dragonsblood Experiments.html,C:/Users/grsch/Desktop/main/spring-2016/annotation-field-notes/medicinal-remedies-and-color-recipes-(robin)/dragonsblood-experiments.html
C:/Users/grsch/Desktop/main/Dragonsblood Bibliography.html,C:/Users/grsch/Desktop/main/spring-2016/annotation-field-notes/medicinal-remedies-and-color-recipes-(robin)/bibliography.html
C:/Users/grsch/Desktop/main/Reich Annotation Notes.html,C:/Users/grsch/Desktop/main/spring-2016/annotation-field-notes/medicinal-remedies-and-color-recipes-(robin)/annotation-notes.html
C:/Users/grsch/Desktop/main/Soley - Field Notes SP16 - Varnish Annotation.html,C:/Users/grsch/Desktop/main/spring-2016/annotation-field-notes/varnish-(teresa)/index.html
C:/Users/grsch/Desktop/main/GNS - Field Notes SP16 - Ms. Fr. 640 Recipes.html,C:/Users/grsch/Desktop/main/spring-2016/annotation-field-notes/varnish-(teresa)/ms-fr-640-recipes.html
C:/Users/grsch/Desktop/main/GNS - Field Notes SP16 - Contemporary Recipes.html,C:/Users/grsch/Desktop/main/spring-2016/annotation-field-notes/varnish-(teresa)/contemporary-recipes.html
C:/Users/grsch/Desktop/main/GNS - Field Notes SP16 - Secondary Source Notes.html,C:/Users/grsch/Desktop/main/spring-2016/annotation-field-notes/varnish-(teresa)/secondary-source-notes.html
C:/Users/grsch/Desktop/main/GNS - Field Notes SP16 - Experimental Field Notes.html,C:/Users/grsch/Desktop/main/spring-2016/annotation-field-notes/varnish-(teresa)/experimental-field-notes.html
C:/Users/grsch/Desktop/main/Soley - Field Notes SP16 - Experimental Protocols.html,C:/Users/grsch/Desktop/main/spring-2016/annotation-field-notes/varnish-(teresa)/experimental-protocols-.html
C:/Users/grsch/Desktop/main/Oil of Sulfur for the Writer.html,C:/Users/grsch/Desktop/main/spring-2016/annotation-field-notes/oil-of-sulfur-for-the-writer/index.html
C:/Users/grsch/Desktop/main/Recipes.html,C:/Users/grsch/Desktop/main/spring-2016/annotation-field-notes/oil-of-sulfur-for-the-writer/recipes.html
C:/Users/grsch/Desktop/main/Field Notes .html,C:/Users/grsch/Desktop/main/spring-2016/annotation-field-notes/oil-of-sulfur-for-the-writer/field-notes.html
C:/Users/grsch/Desktop/main/Gilding on Paper and Parchment field notes.html,C:/Users/grsch/Desktop/main/spring-2016/annotation-field-notes/gilding-on-paper-and-parchment-(goldenberg)/index.html
C:/Users/grsch/Desktop/main/Wheat Starch Paste.html,C:/Users/grsch/Desktop/main/spring-2016/annotation-field-notes/gilding-on-paper-and-parchment-(goldenberg)/april-8th-2016-wheat-starch-paste.html
C:/Users/grsch/Desktop/main/GNS - Field Notes SP16 - Application of Bole.html,C:/Users/grsch/Desktop/main/spring-2016/annotation-field-notes/gilding-on-paper-and-parchment-(goldenberg)/april-8th-2016-gold-leaf-skill-building.html
C:/Users/grsch/Desktop/main/Gold Leaf on Paper and Parchment.html,C:/Users/grsch/Desktop/main/spring-2016/annotation-field-notes/gilding-on-paper-and-parchment-(goldenberg)/april-20th-2016-gold-leaf-on-paper-and-parchment.html
C:/Users/grsch/Desktop/main/April 28th 2016 Gilding and Burnishing on Paper.html,C:/Users/grsch/Desktop/main/spring-2016/annotation-field-notes/gilding-on-paper-and-parchment-(goldenberg)/april-28th-2016-gilding-and-burnishing-on-paper.html
C:/Users/grsch/Desktop/main/Fall 2015.html,C:/Users/grsch/Desktop/main/fall-2015/index.html
C:/Users/grsch/Desktop/main/Fall 2015 Annotations.html,C:/Users/grsch/Desktop/main/fall-2015/annotations/index.html
C:/Users/grsch/Desktop/main/(Example) Smith and Rosenkranz - FA15 Annotation Plans .html,C:/Users/grsch/Desktop/main/fall-2015/annotations/(example)-smith-and-rosenkranz_fa15-annotation-plans/index.html
"C:/Users/grsch/Desktop/main/Carr, Bilak, Mukherjee- FA15 Annotation Plans (Miniver Brushes).html",C:/Users/grsch/Desktop/main/fall-2015/annotations/carr-bilak-mukherjee--fa15-annotation-plans-(miniver-brushes)/index.html
C:/Users/grsch/Desktop/main/Cindy and Yuan - FA15 Annotation Plans.html,C:/Users/grsch/Desktop/main/fall-2015/annotations/cindy-and-yuan_fa15-annotation-plans/index.html
C:/Users/grsch/Desktop/main/Wenrui - FA15 Annotation Plans.html,C:/Users/grsch/Desktop/main/fall-2015/annotations/wenrui-and-ana_fa15-annotation-plans/index.html
C:/Users/grsch/Desktop/main/Marilyn and Tianhe - FA15 Annotation Plans.html,C:/Users/grsch/Desktop/main/fall-2015/annotations/marilyn-and-tianhe_fa15-annotation-plans/index.html
C:/Users/grsch/Desktop/main/Katie and Siddhartha FA15 Annotation Plans.html,C:/Users/grsch/Desktop/main/fall-2015/annotations/katie-and-siddhartha-fa15-annotation-plans/index.html
C:/Users/grsch/Desktop/main/Emilie - FA15 Annotation Plans.html,C:/Users/grsch/Desktop/main/fall-2015/annotations/emilie_fa15-annotation-plans/index.html
C:/Users/grsch/Desktop/main/David - FA15 Annotation Plans.html,C:/Users/grsch/Desktop/main/fall-2015/annotations/david_fa15-annotation-plans/index.html
C:/Users/grsch/Desktop/main/Pigments Resources Annotations FA15.html,C:/Users/grsch/Desktop/main/fall-2015/annotations/resources-general/index.html
C:/Users/grsch/Desktop/main/Field Notes Fall 2015.html,C:/Users/grsch/Desktop/main/fall-2015/field-notes/index.html
C:/Users/grsch/Desktop/main/Marilyn Bowen - Field Notes FA15.html,C:/Users/grsch/Desktop/main/fall-2015/field-notes/marilyn-bowen_field-notes-fa15/index.html
C:/Users/grsch/Desktop/main/Bowen -Historical recipe reconstruction fa2015.html,C:/Users/grsch/Desktop/main/fall-2015/field-notes/marilyn-bowen_field-notes-fa15/historical-recipe-reconstruction.html
C:/Users/grsch/Desktop/main/Red Madder Lake Pigment.html,C:/Users/grsch/Desktop/main/fall-2015/field-notes/marilyn-bowen_field-notes-fa15/red-madder-lake-pigment.html
C:/Users/grsch/Desktop/main/Panel Preparation.html,C:/Users/grsch/Desktop/main/fall-2015/field-notes/marilyn-bowen_field-notes-fa15/panel-preparation.html
C:/Users/grsch/Desktop/main/Annotation Preparation.html,C:/Users/grsch/Desktop/main/fall-2015/field-notes/marilyn-bowen_field-notes-fa15/annotation-preparation.html
C:/Users/grsch/Desktop/main/Jenny Boulboulle - Field Notes FA15.html,C:/Users/grsch/Desktop/main/fall-2015/field-notes/jenny-boulboulle_field-notes-fa15/index.html
C:/Users/grsch/Desktop/main/Danielle Carr - Field Notes FA15.html,C:/Users/grsch/Desktop/main/fall-2015/field-notes/danielle-carr_field-notes-fa15/index.html
C:/Users/grsch/Desktop/main/new.html,C:/Users/grsch/Desktop/main/fall-2015/field-notes/danielle-carr_field-notes-fa15/historical-recipe-reconstruction.html
C:/Users/grsch/Desktop/main/carr verdigris.html,C:/Users/grsch/Desktop/main/fall-2015/field-notes/danielle-carr_field-notes-fa15/verdigris.html
C:/Users/grsch/Desktop/main/carr test panel.html,C:/Users/grsch/Desktop/main/fall-2015/field-notes/danielle-carr_field-notes-fa15/test-panel.html
C:/Users/grsch/Desktop/main/Miniver Brushes.html,C:/Users/grsch/Desktop/main/fall-2015/field-notes/danielle-carr_field-notes-fa15/miniver-brushes.html
C:/Users/grsch/Desktop/main/Emilie Foyer - Field Notes FA15.html,C:/Users/grsch/Desktop/main/fall-2015/field-notes/emilie-foyer_field-notes-fa15/index.html
C:/Users/grsch/Desktop/main/Foyer-Historical Culinary Reconstruction FA15.html,C:/Users/grsch/Desktop/main/fall-2015/field-notes/emilie-foyer_field-notes-fa15/historical-culinary-reconstruction.html
C:/Users/grsch/Desktop/main/Preparation of Test Panel (EF).html,C:/Users/grsch/Desktop/main/fall-2015/field-notes/emilie-foyer_field-notes-fa15/preparation-of-test-panel.html
C:/Users/grsch/Desktop/main/Red Lake Pigments Reconstruction - Cochineal EF-SM.html,C:/Users/grsch/Desktop/main/fall-2015/field-notes/emilie-foyer_field-notes-fa15/red-lake-pigments-reconstruction-cochineal.html
C:/Users/grsch/Desktop/main/Logwood - EF-SM.html,C:/Users/grsch/Desktop/main/fall-2015/field-notes/emilie-foyer_field-notes-fa15/red-lake-pigments-reconstruction-logwood.html
C:/Users/grsch/Desktop/main/Madder Lake Reconstruction .html,C:/Users/grsch/Desktop/main/fall-2015/field-notes/emilie-foyer_field-notes-fa15/madder-lake-reconstruction.html
C:/Users/grsch/Desktop/main/Gilding - EF-FA15.html,C:/Users/grsch/Desktop/main/fall-2015/field-notes/emilie-foyer_field-notes-fa15/gilding.html
C:/Users/grsch/Desktop/main/Turmeric Pigment extraction (Experiment).html,C:/Users/grsch/Desktop/main/fall-2015/field-notes/emilie-foyer_field-notes-fa15/turmeric-pigment-extraction-(experiment).html
C:/Users/grsch/Desktop/main/Estrades Foyer Zhao - Turpentine Varnish - FA15.html,C:/Users/grsch/Desktop/main/fall-2015/field-notes/emilie-foyer_field-notes-fa15/turpentine-varnish.html
C:/Users/grsch/Desktop/main/Foyer - Aspic Varnish - FA15.html,C:/Users/grsch/Desktop/main/fall-2015/field-notes/emilie-foyer_field-notes-fa15/aspic-varnish.html
C:/Users/grsch/Desktop/main/Foyer - Gold Without Gold - FA15.html,C:/Users/grsch/Desktop/main/fall-2015/field-notes/emilie-foyer_field-notes-fa15/gold-without-gold.html
C:/Users/grsch/Desktop/main/Estrades - Field Notes FA15.html,C:/Users/grsch/Desktop/main/fall-2015/field-notes/ana-estrades_field-notes-fa15/index.html
C:/Users/grsch/Desktop/main/Cindy Kok - Field Notes FA15.html,C:/Users/grsch/Desktop/main/fall-2015/field-notes/cindy-kok_field-notes-fa15/index.html
C:/Users/grsch/Desktop/main/French Puffs Recipe Reconstruction.html,C:/Users/grsch/Desktop/main/fall-2015/field-notes/cindy-kok_field-notes-fa15/french-puffs-recipe-reconstruction.html
C:/Users/grsch/Desktop/main/Test Panel.html,C:/Users/grsch/Desktop/main/fall-2015/field-notes/cindy-kok_field-notes-fa15/test-panel.html
C:/Users/grsch/Desktop/main/Cochineal and Logwood.html,C:/Users/grsch/Desktop/main/fall-2015/field-notes/cindy-kok_field-notes-fa15/red-lakes-reconstruction-cochineal-and-logwood.html
C:/Users/grsch/Desktop/main/Yellow Pigments.html,C:/Users/grsch/Desktop/main/fall-2015/field-notes/cindy-kok_field-notes-fa15/yellow-pigments.html
C:/Users/grsch/Desktop/main/Lye for Saffron.html,C:/Users/grsch/Desktop/main/fall-2015/field-notes/cindy-kok_field-notes-fa15/saffron.html
"C:/Users/grsch/Desktop/main/Kremnitzer, Kathryn - Field Notes FA15.html",C:/Users/grsch/Desktop/main/fall-2015/field-notes/kathryn-kremnitzer_field-notes-fa15/index.html
C:/Users/grsch/Desktop/main/Lou - Field Notes FA15.html,C:/Users/grsch/Desktop/main/fall-2015/field-notes/tianhe-lou_field-notes-fa15/index.html
C:/Users/grsch/Desktop/main/David McClure - Field Notes FA15.html,C:/Users/grsch/Desktop/main/fall-2015/field-notes/david-mcclure_field-notes-fa15/index.html
C:/Users/grsch/Desktop/main/Making and Knowing - Profile.html,C:/Users/grsch/Desktop/main/fall-2015/field-notes/david-mcclure_field-notes-fa15/making-and-knowing_profile.html
C:/Users/grsch/Desktop/main/Coloring wood - methods and materials.html,C:/Users/grsch/Desktop/main/fall-2015/field-notes/david-mcclure_field-notes-fa15/coloring-wood_methods-and-materials.html
C:/Users/grsch/Desktop/main/Red madder dye.html,C:/Users/grsch/Desktop/main/fall-2015/field-notes/david-mcclure_field-notes-fa15/red-madder-dye.html
C:/Users/grsch/Desktop/main/Madder dye - results.html,C:/Users/grsch/Desktop/main/fall-2015/field-notes/david-mcclure_field-notes-fa15/madder-dye_results.html
C:/Users/grsch/Desktop/main/Green verdigris dye.html,C:/Users/grsch/Desktop/main/fall-2015/field-notes/david-mcclure_field-notes-fa15/green-verdigris-dye.html
C:/Users/grsch/Desktop/main/Verdigris dye - results.html,C:/Users/grsch/Desktop/main/fall-2015/field-notes/david-mcclure_field-notes-fa15/verdigris-dye_results.html
C:/Users/grsch/Desktop/main/Annotations - recipes and information.html,C:/Users/grsch/Desktop/main/fall-2015/field-notes/david-mcclure_field-notes-fa15/annotations_recipes-and-information.html
C:/Users/grsch/Desktop/main/Gesso board preparation.html,C:/Users/grsch/Desktop/main/fall-2015/field-notes/david-mcclure_field-notes-fa15/gesso-board-preparation.html
C:/Users/grsch/Desktop/main/Lake pigment washing.html,C:/Users/grsch/Desktop/main/fall-2015/field-notes/david-mcclure_field-notes-fa15/lake-pigment-washing.html
C:/Users/grsch/Desktop/main/Sayantani Mukherjee - Field Notes FA15.html,C:/Users/grsch/Desktop/main/fall-2015/field-notes/sayantani-mukherjee_field-notes-fa15/index.html
C:/Users/grsch/Desktop/main/Mukherjee-Home Culinary Reconstruction Experiment FA15.html,C:/Users/grsch/Desktop/main/fall-2015/field-notes/sayantani-mukherjee_field-notes-fa15/home-culinary-reconstruction-experiment.html
C:/Users/grsch/Desktop/main/Red Lake Pigments Reconstruction - Cochineal EF-SM.html,C:/Users/grsch/Desktop/main/fall-2015/field-notes/sayantani-mukherjee_field-notes-fa15/red-lake-pigments-reconstruction-cochineal.html
C:/Users/grsch/Desktop/main/Logwood - EF-SM.html,C:/Users/grsch/Desktop/main/fall-2015/field-notes/sayantani-mukherjee_field-notes-fa15/red-lake-pigments-reconstruction-logwood.html
C:/Users/grsch/Desktop/main/Notes.html,C:/Users/grsch/Desktop/main/fall-2015/field-notes/sayantani-mukherjee_field-notes-fa15/varied-and-transmuted-wine-notes.html
C:/Users/grsch/Desktop/main/Experiment.html,C:/Users/grsch/Desktop/main/fall-2015/field-notes/sayantani-mukherjee_field-notes-fa15/varied-and-transmuted-wine-experiment.html
C:/Users/grsch/Desktop/main/Rosenkranz - Field Notes FA15.html,C:/Users/grsch/Desktop/main/fall-2015/field-notes/naomi-rosenkranz_field-notes-fa15/index.html
C:/Users/grsch/Desktop/main/Shah - Field Notes FA15.html,C:/Users/grsch/Desktop/main/fall-2015/field-notes/siddhartha-shah_field-notes-fa15/index.html
C:/Users/grsch/Desktop/main/Yuan Yi - Field Notes FA15.html,C:/Users/grsch/Desktop/main/fall-2015/field-notes/yuan-yi_field-notes-fa15/index.html
C:/Users/grsch/Desktop/main/Yi - Compost FA15.html,C:/Users/grsch/Desktop/main/fall-2015/field-notes/yuan-yi_field-notes-fa15/historical-recipe-reconstruction-compost.html
C:/Users/grsch/Desktop/main/Yi - Gesso Panel and Gilding FA15.html,C:/Users/grsch/Desktop/main/fall-2015/field-notes/yuan-yi_field-notes-fa15/gesso-panel-and-gilding.html
C:/Users/grsch/Desktop/main/Yi - Red Lake (Cochineal) FA15.html,C:/Users/grsch/Desktop/main/fall-2015/field-notes/yuan-yi_field-notes-fa15/red-lakes-reconstruction-cochineal.html
C:/Users/grsch/Desktop/main/Yi - Red Lake (Logwood) FA15.html,C:/Users/grsch/Desktop/main/fall-2015/field-notes/yuan-yi_field-notes-fa15/red-lakes-reconstruction-logwood.html
C:/Users/grsch/Desktop/main/Yi - Sourcing Materials and Preparations for Damask Cloth FA15.html,C:/Users/grsch/Desktop/main/fall-2015/field-notes/yuan-yi_field-notes-fa15/1)-sourcing-materials-and-preparations.html
C:/Users/grsch/Desktop/main/Yi - Damask Cloth Field Notes FA15.html,C:/Users/grsch/Desktop/main/fall-2015/field-notes/yuan-yi_field-notes-fa15/2)-damask-cloth-field-notes.html
C:/Users/grsch/Desktop/main/Zhao - Field Notes FA15.html,C:/Users/grsch/Desktop/main/fall-2015/field-notes/wenrui-zhao_field-notes-fa15/index.html
C:/Users/grsch/Desktop/main/Spring 2015.html,C:/Users/grsch/Desktop/main/spring-2015/index.html
"C:/Users/grsch/Desktop/main/Chiostrini, Giuila.html",C:/Users/grsch/Desktop/main/spring-2015/chiostrini-giulia/index.html
"C:/Users/grsch/Desktop/main/Durkin, Celia.html",C:/Users/grsch/Desktop/main/spring-2015/durkin-celia/index.html
C:/Users/grsch/Desktop/main/Durkin-Marris Historical Recipe Reconstruction.html,C:/Users/grsch/Desktop/main/spring-2015/durkin-celia/durkin-marris-historical-recipe-reconstruction.html
C:/Users/grsch/Desktop/main/Bread Molding Reconstruction.html,C:/Users/grsch/Desktop/main/spring-2015/durkin-celia/durkin-gans-bread-molding-reconstruction.html
C:/Users/grsch/Desktop/main/durkin-wax carving.html,C:/Users/grsch/Desktop/main/spring-2015/durkin-celia/durkin--wax-carving.html
C:/Users/grsch/Desktop/main/Durkin Cuttlefish Bone Casting.html,C:/Users/grsch/Desktop/main/spring-2015/durkin-celia/cuttlefish-bone-casting.html
C:/Users/grsch/Desktop/main/gans-durkin sand casting.html,C:/Users/grsch/Desktop/main/spring-2015/durkin-celia/gans-durkin-sand-casting.html
C:/Users/grsch/Desktop/main/durkin plaster casting recipes.html,C:/Users/grsch/Desktop/main/spring-2015/durkin-celia/durkin-plaster-casting-recipes.html
C:/Users/grsch/Desktop/main/Durkin Plaster Casting.html,C:/Users/grsch/Desktop/main/spring-2015/durkin-celia/durkin-plaster-casting.html
C:/Users/grsch/Desktop/main/durkin-gans sugar casting.html,C:/Users/grsch/Desktop/main/spring-2015/durkin-celia/durkin-gans-sugar-casting.html
C:/Users/grsch/Desktop/main/gans-durkin alabaster.html,C:/Users/grsch/Desktop/main/spring-2015/durkin-celia/gans-durkin-alabaster-annotation.html
C:/Users/grsch/Desktop/main/Fu Shiye Fieldnotes.html,C:/Users/grsch/Desktop/main/spring-2015/fu-shiye/index.html
C:/Users/grsch/Desktop/main/Bread molding reconstruction .html,C:/Users/grsch/Desktop/main/spring-2015/fu-shiye/bread-molding-reconstruction.html
C:/Users/grsch/Desktop/main/Sand Casting .html,C:/Users/grsch/Desktop/main/spring-2015/fu-shiye/sand-casting.html
C:/Users/grsch/Desktop/main/HRR Marchpane Reconstruction.html,C:/Users/grsch/Desktop/main/spring-2015/fu-shiye/hrr-marchpane-reconstruction.html
C:/Users/grsch/Desktop/main/Life casting Beatle .html,C:/Users/grsch/Desktop/main/spring-2015/fu-shiye/life-casting-beetle-.html
C:/Users/grsch/Desktop/main/annotation field notes (molding paper).html,C:/Users/grsch/Desktop/main/spring-2015/fu-shiye/annotation-field-notes-(molding-paper).html
C:/Users/grsch/Desktop/main/annotation field notes (modling pansies).html,C:/Users/grsch/Desktop/main/spring-2015/fu-shiye/annotation-field-notes-(molding-pansies).html
C:/Users/grsch/Desktop/main/annotation field notes (molding a butterfly).html,C:/Users/grsch/Desktop/main/spring-2015/fu-shiye/annotation-field-notes-(molding-a-butterfly).html
"C:/Users/grsch/Desktop/main/Gans, Sofia.html",C:/Users/grsch/Desktop/main/spring-2015/gans-sofia/index.html
C:/Users/grsch/Desktop/main/HRR Marchpane Reconstruction.html,C:/Users/grsch/Desktop/main/spring-2015/gans-sofia/historical-recipe-reconstruction_marchpane.html
C:/Users/grsch/Desktop/main/Bread Molding Reconstruction.html,C:/Users/grsch/Desktop/main/spring-2015/gans-sofia/bread-molding-reconstruction.html
C:/Users/grsch/Desktop/main/gans-durkin sand casting.html,C:/Users/grsch/Desktop/main/spring-2015/gans-sofia/sand-casting.html
C:/Users/grsch/Desktop/main/Gans Cuttlefish.html,C:/Users/grsch/Desktop/main/spring-2015/gans-sofia/cuttlefish-bone-casting.html
C:/Users/grsch/Desktop/main/Gans plaster casting.html,C:/Users/grsch/Desktop/main/spring-2015/gans-sofia/plaster-life-casting.html
C:/Users/grsch/Desktop/main/durkin-gans sugar casting.html,C:/Users/grsch/Desktop/main/spring-2015/gans-sofia/sugar-casting-annotation.html
C:/Users/grsch/Desktop/main/gans-durkin alabaster.html,C:/Users/grsch/Desktop/main/spring-2015/gans-sofia/alabaster-sand-annotation.html
"C:/Users/grsch/Desktop/main/Marris, Caroline.html",C:/Users/grsch/Desktop/main/spring-2015/marris-caroline/index.html
C:/Users/grsch/Desktop/main/Durkin-Marris Historical Recipe Reconstruction.html,C:/Users/grsch/Desktop/main/spring-2015/marris-caroline/historical-recipe-reconstruction.html
C:/Users/grsch/Desktop/main/Marris-Pope Bread Molding Reconstruction.html,C:/Users/grsch/Desktop/main/spring-2015/marris-caroline/bread-molding-reconstruction.html
C:/Users/grsch/Desktop/main/Marris - Wax Molding and Sandcasting.html,C:/Users/grsch/Desktop/main/spring-2015/marris-caroline/wax-molding-and-sandcasting.html
C:/Users/grsch/Desktop/main/Marris - Cuttlefish Bone Casting.html,C:/Users/grsch/Desktop/main/spring-2015/marris-caroline/cuttlefish-bone-casting.html
C:/Users/grsch/Desktop/main/Plaster casting with flowers - field notes.html,C:/Users/grsch/Desktop/main/spring-2015/marris-caroline/plaster-casting_flowers.html
"C:/Users/grsch/Desktop/main/Palframan, Jef.html",C:/Users/grsch/Desktop/main/spring-2015/palframan-jef/index.html
"C:/Users/grsch/Desktop/main/Pope, Stephanie.html",C:/Users/grsch/Desktop/main/spring-2015/pope-stephanie/index.html
C:/Users/grsch/Desktop/main/Marris-Pope Bread Molding Reconstruction.html,C:/Users/grsch/Desktop/main/spring-2015/pope-stephanie/bread-moulding-reconstruction-(bmr).html
C:/Users/grsch/Desktop/main/Wax carving and plaster moulding field notes.html,C:/Users/grsch/Desktop/main/spring-2015/pope-stephanie/wax-carving-and-sandcasting.html
C:/Users/grsch/Desktop/main/Cuttlefish bone casting - field notes.html,C:/Users/grsch/Desktop/main/spring-2015/pope-stephanie/cuttlefish-bone-casting.html
C:/Users/grsch/Desktop/main/Plaster casting with flowers - field notes.html,C:/Users/grsch/Desktop/main/spring-2015/pope-stephanie/plaster-casting-with-flowers.html
C:/Users/grsch/Desktop/main/ox bone and elm root sand f.84v.html,C:/Users/grsch/Desktop/main/spring-2015/pope-stephanie/sandcasting-with-ox-hoof-and-elm-root-broth_annotation.html
"C:/Users/grsch/Desktop/main/Zhang, Zhiqi.html",C:/Users/grsch/Desktop/main/spring-2015/zhang-zhiqi/index.html
C:/Users/grsch/Desktop/main/HRR Marchpane Reconstruction.html,C:/Users/grsch/Desktop/main/spring-2015/zhang-zhiqi/hrr-marchpane-reconstruction.html
C:/Users/grsch/Desktop/main/Breadmolding Reconstruction.html,C:/Users/grsch/Desktop/main/spring-2015/zhang-zhiqi/breadmolding-reconstruction.html
C:/Users/grsch/Desktop/main/Sandcasting.html,C:/Users/grsch/Desktop/main/spring-2015/zhang-zhiqi/sandcasting.html
C:/Users/grsch/Desktop/main/Annotation field notes (moulding pansies) .html,C:/Users/grsch/Desktop/main/spring-2015/zhang-zhiqi/annotation-field-notes-(moulding-pansies)-.html
"C:/Users/grsch/Desktop/main/Boulboullé, Jenny.html",C:/Users/grsch/Desktop/main/spring-2015/boulboullé-jenny/index.html
C:/Users/grsch/Desktop/main/Bread Molding Reconstruction - Spring 2015.html,C:/Users/grsch/Desktop/main/spring-2015/bread-molding/index.html
C:/Users/grsch/Desktop/main/Field Notes.html,C:/Users/grsch/Desktop/main/spring-2015/bread-molding/field-notes.html
C:/Users/grsch/Desktop/main/Sand casting recipes.html,C:/Users/grsch/Desktop/main/spring-2015/sand-casting-recipes/index.html
C:/Users/grsch/Desktop/main/Plaster Casting Recipes.html,C:/Users/grsch/Desktop/main/spring-2015/plaster-casting/index.html
C:/Users/grsch/Desktop/main/durkin plaster casting recipes.html,C:/Users/grsch/Desktop/main/spring-2015/durkin-plaster-casting-recipes/index.html
C:/Users/grsch/Desktop/main/Fall 2014 Archives.html,C:/Users/grsch/Desktop/main/fall-2014/index.html
C:/Users/grsch/Desktop/main/Class Notes Fall semester.html,C:/Users/grsch/Desktop/main/fall-2014/class-notes-fall-semester.html
C:/Users/grsch/Desktop/main/6) Annotations.html,C:/Users/grsch/Desktop/main/fall-2014/6)-annotations.html
C:/Users/grsch/Desktop/main/Bilak Field Notes.html,C:/Users/grsch/Desktop/main/fall-2014/bilak-field-notes.html
C:/Users/grsch/Desktop/main/Boulboullé Field Notes.html,C:/Users/grsch/Desktop/main/fall-2014/boulboullé-field-notes.html
C:/Users/grsch/Desktop/main/Boyd - Bread Molding Reconstruction Field Notes.html,C:/Users/grsch/Desktop/main/fall-2014/boyd_bread-molding-reconstruction-field-notes.html
C:/Users/grsch/Desktop/main/Boyd - Field Notes - Dental Office Gold Casting.html,C:/Users/grsch/Desktop/main/fall-2014/boyd_field-notes_dental-office-gold-casting.html
C:/Users/grsch/Desktop/main/Boyd - Historical Recipe Reconstruction Field Notes.html,C:/Users/grsch/Desktop/main/fall-2014/boyd_historical-recipe-reconstruction-field-notes.html
C:/Users/grsch/Desktop/main/Boyd - Sand Casting Field Notes.html,C:/Users/grsch/Desktop/main/fall-2014/boyd_sand-casting-field-notes.html
C:/Users/grsch/Desktop/main/Boyd Field Notes.html,C:/Users/grsch/Desktop/main/fall-2014/boyd-field-notes.html
C:/Users/grsch/Desktop/main/Bread Molding Field Notes.html,C:/Users/grsch/Desktop/main/fall-2014/bread-molding-field-notes.html
C:/Users/grsch/Desktop/main/Bread Molding Recipes Field Notes.html,C:/Users/grsch/Desktop/main/fall-2014/bread-molding-recipes-field-notes.html
C:/Users/grsch/Desktop/main/Bread Molding Reconstruction Field Notes.html,C:/Users/grsch/Desktop/main/fall-2014/bread-molding-reconstruction-field-notes.html
C:/Users/grsch/Desktop/main/Carlson Field Notes.html,C:/Users/grsch/Desktop/main/fall-2014/carlson-field-notes.html
C:/Users/grsch/Desktop/main/Carlson  Bread Molding Recipes Field Notes.html,C:/Users/grsch/Desktop/main/fall-2014/carlson--bread-molding-recipes-field-notes.html
C:/Users/grsch/Desktop/main/Carlson  Historical Recipe Reconstruction Field Notes.html,C:/Users/grsch/Desktop/main/fall-2014/carlson--historical-recipe-reconstruction-field-notes.html
C:/Users/grsch/Desktop/main/Carlson  Plaster Molds Field Notes.html,C:/Users/grsch/Desktop/main/fall-2014/carlson--plaster-molds-field-notes.html
C:/Users/grsch/Desktop/main/Carlson  Portrait Medal Field Notes.html,C:/Users/grsch/Desktop/main/fall-2014/carlson--portrait-medal-field-notes.html
C:/Users/grsch/Desktop/main/Carlson  Sand Molding and Casting Field Notes.html,C:/Users/grsch/Desktop/main/fall-2014/carlson--sand-molding-and-casting-field-notes.html
C:/Users/grsch/Desktop/main/Cataldo - Sand Casting.html,C:/Users/grsch/Desktop/main/fall-2014/cataldo_sand-casting.html
C:/Users/grsch/Desktop/main/Cataldo Field Notes.html,C:/Users/grsch/Desktop/main/fall-2014/cataldo-field-notes.html
C:/Users/grsch/Desktop/main/Cataldo-Visco - Historical Recipe Reconstruction Field Notes.html,C:/Users/grsch/Desktop/main/fall-2014/cataldo-visco_historical-recipe-reconstruction-field-notes.html
C:/Users/grsch/Desktop/main/Cataldo-Visco - Manuscript Annotations.html,C:/Users/grsch/Desktop/main/fall-2014/cataldo-visco_manuscript-annotations.html
"C:/Users/grsch/Desktop/main/excellent mustard, 48r.html",C:/Users/grsch/Desktop/main/fall-2014/excellent-mustard-48r.html
"C:/Users/grsch/Desktop/main/Field Notes  September 8, 2014.html",C:/Users/grsch/Desktop/main/fall-2014/field-notes--september-8-2014.html
C:/Users/grsch/Desktop/main/Jordan Katz - Plaster Casting Field Notes.html,C:/Users/grsch/Desktop/main/fall-2014/jordan-katz_plaster-casting-field-notes.html
C:/Users/grsch/Desktop/main/Jordan Katz  Bread Molding Recipes Field Notes.html,C:/Users/grsch/Desktop/main/fall-2014/jordan-katz--bread-molding-recipes-field-notes.html
C:/Users/grsch/Desktop/main/Katz Bread Molding Field Notes.html,C:/Users/grsch/Desktop/main/fall-2014/katz-bread-molding-field-notes.html
C:/Users/grsch/Desktop/main/Katz Field Notes.html,C:/Users/grsch/Desktop/main/fall-2014/katz-field-notes.html
C:/Users/grsch/Desktop/main/Katz Historical Recipe Reconstruction Field Notes.html,C:/Users/grsch/Desktop/main/fall-2014/katz-historical-recipe-reconstruction-field-notes.html
C:/Users/grsch/Desktop/main/Laha Field Notes.html,C:/Users/grsch/Desktop/main/fall-2014/laha-field-notes.html
C:/Users/grsch/Desktop/main/Landsman Field Notes.html,C:/Users/grsch/Desktop/main/fall-2014/landsman-field-notes.html
C:/Users/grsch/Desktop/main/Lee - Bread Molding Recipes.html,C:/Users/grsch/Desktop/main/fall-2014/lee_bread-molding-recipes.html
C:/Users/grsch/Desktop/main/Lee - Historical Recipe Reconstruction.html,C:/Users/grsch/Desktop/main/fall-2014/lee_historical-recipe-reconstruction.html
C:/Users/grsch/Desktop/main/Lee Field Notes.html,C:/Users/grsch/Desktop/main/fall-2014/lee-field-notes.html
"C:/Users/grsch/Desktop/main/Lee, Mellon, Wang.html",C:/Users/grsch/Desktop/main/fall-2014/lee-mellon-wang.html
"C:/Users/grsch/Desktop/main/magistry, 84r.html",C:/Users/grsch/Desktop/main/fall-2014/magistry-84r.html
C:/Users/grsch/Desktop/main/Manuscript Annotations - 106r and 145r.html,C:/Users/grsch/Desktop/main/fall-2014/manuscript-annotations_106r-and-145r.html
C:/Users/grsch/Desktop/main/Manuscript Annotations project notes.html,C:/Users/grsch/Desktop/main/fall-2014/manuscript-annotations-project-notes.html
C:/Users/grsch/Desktop/main/Mellon - Bread Molding Recipes Field Notes.html,C:/Users/grsch/Desktop/main/fall-2014/mellon_bread-molding-recipes-field-notes.html
C:/Users/grsch/Desktop/main/Mellon - Historical Recipe Reconstruction Field Notes.html,C:/Users/grsch/Desktop/main/fall-2014/mellon_historical-recipe-reconstruction-field-notes.html
C:/Users/grsch/Desktop/main/Mellon - Sugar Molding and Sugar Sculpture.html,C:/Users/grsch/Desktop/main/fall-2014/mellon_sugar-molding-and-sugar-sculpture.html
C:/Users/grsch/Desktop/main/Mellon Field Notes.html,C:/Users/grsch/Desktop/main/fall-2014/mellon-field-notes.html
"C:/Users/grsch/Desktop/main/ox bone and rock salt, 89r.html",C:/Users/grsch/Desktop/main/fall-2014/ox-bone-and-rock-salt-89r.html
C:/Users/grsch/Desktop/main/Palframan - Annotation Field Notes Fall 2014.html,C:/Users/grsch/Desktop/main/fall-2014/palframan_annotation-field-notes-fall-2014.html
C:/Users/grsch/Desktop/main/Palframan - HRR Field Notes Fall 2014.html,C:/Users/grsch/Desktop/main/fall-2014/palframan_hrr-field-notes-fall-2014.html
C:/Users/grsch/Desktop/main/Plaster Casting - Field Note Fall 2014.html,C:/Users/grsch/Desktop/main/fall-2014/plaster-casting_field-note-fall-2014.html
C:/Users/grsch/Desktop/main/Plaster Casting Field Notes.html,C:/Users/grsch/Desktop/main/fall-2014/plaster-casting-field-notes.html
C:/Users/grsch/Desktop/main/Plaster Casting Yijun Wang.html,C:/Users/grsch/Desktop/main/fall-2014/plaster-casting-yijun-wang.html
C:/Users/grsch/Desktop/main/Recipe 106r.html,C:/Users/grsch/Desktop/main/fall-2014/recipe-106r.html
C:/Users/grsch/Desktop/main/Recipe 145r.html,C:/Users/grsch/Desktop/main/fall-2014/recipe-145r.html
"C:/Users/grsch/Desktop/main/Recipe Research  September 11, 2014.html",C:/Users/grsch/Desktop/main/fall-2014/recipe-research--september-11-2014.html
C:/Users/grsch/Desktop/main/Rowan - Historical Recipe Reconstruction Field Notes.html,C:/Users/grsch/Desktop/main/fall-2014/rowan_historical-recipe-reconstruction-field-notes.html
C:/Users/grsch/Desktop/main/Rowen - Bread Molding Recipes Field Notes.html,C:/Users/grsch/Desktop/main/fall-2014/rowen_bread-molding-recipes-field-notes.html
C:/Users/grsch/Desktop/main/Rowen - Historical Recipe Reconstruction Field Notes.html,C:/Users/grsch/Desktop/main/fall-2014/rowen_historical-recipe-reconstruction-field-notes.html
C:/Users/grsch/Desktop/main/Rowen - Plaster Casting Field Notes.html,C:/Users/grsch/Desktop/main/fall-2014/rowen_plaster-casting-field-notes.html
C:/Users/grsch/Desktop/main/Rowen - Sand Casting Field Notes.html,C:/Users/grsch/Desktop/main/fall-2014/rowen_sand-casting-field-notes.html
C:/Users/grsch/Desktop/main/Rowen Field Notes.html,C:/Users/grsch/Desktop/main/fall-2014/rowen-field-notes.html
C:/Users/grsch/Desktop/main/Sand Casting.html,C:/Users/grsch/Desktop/main/fall-2014/sand-casting.html
C:/Users/grsch/Desktop/main/Sand Casting Field Notes.html,C:/Users/grsch/Desktop/main/fall-2014/sand-casting-field-notes.html
C:/Users/grsch/Desktop/main/Sand Casting_Yijun_Wang.html,C:/Users/grsch/Desktop/main/fall-2014/sand-casting_yijun_wang.html
C:/Users/grsch/Desktop/main/Visco Field Notes.html,C:/Users/grsch/Desktop/main/fall-2014/visco-field-notes.html
C:/Users/grsch/Desktop/main/Visco Historical Recipe Reconstruction Field Notes.html,C:/Users/grsch/Desktop/main/fall-2014/visco-historical-recipe-reconstruction-field-notes.html
C:/Users/grsch/Desktop/main/Visco Plaster Casting Field Notes.html,C:/Users/grsch/Desktop/main/fall-2014/visco-plaster-casting-field-notes.html
C:/Users/grsch/Desktop/main/Visco Sand Casting.html,C:/Users/grsch/Desktop/main/fall-2014/visco-sand-casting.html
C:/Users/grsch/Desktop/main/Visco Sugar Molding and Sugar Sculpture Field Notes.html,C:/Users/grsch/Desktop/main/fall-2014/visco-sugar-molding-and-sugar-sculpture-field-notes.html
C:/Users/grsch/Desktop/main/Wang - Bread Molding Recipes.html,C:/Users/grsch/Desktop/main/fall-2014/wang_bread-molding-recipes.html
C:/Users/grsch/Desktop/main/Wang - Excellent Mustard.html,C:/Users/grsch/Desktop/main/fall-2014/wang_excellent-mustard.html
C:/Users/grsch/Desktop/main/Wang Field Notes.html,C:/Users/grsch/Desktop/main/fall-2014/wang-field-notes.html
C:/Users/grsch/Desktop/main/ Bread Molding Reconstruction Field Notes.html,C:/Users/grsch/Desktop/main/fall-2014/-bread-molding-reconstruction-field-notes.html
C:/Users/grsch/Desktop/main/ Excellent Mustard.html,C:/Users/grsch/Desktop/main/fall-2014/-excellent-mustard.html
C:/Users/grsch/Desktop/main/ Plaster Casting Field Notes.html,C:/Users/grsch/Desktop/main/fall-2014/-plaster-casting-field-notes.html
C:/Users/grsch/Desktop/main/ Sand Casting Field Notes.html,C:/Users/grsch/Desktop/main/fall-2014/-sand-casting-field-notes.html
C:/Users/grsch/Desktop/main/* LAB SETUP MATERIALS LIST*.html,C:/Users/grsch/Desktop/main/fall-2014/-lab-setup-materials-list.html
C:/Users/grsch/Desktop/main/28 October Annotation Research Plans.html,C:/Users/grsch/Desktop/main/fall-2014/28-october-annotation-research-plans.html
C:/Users/grsch/Desktop/main/6) Annotations.html,C:/Users/grsch/Desktop/main/fall-2014/6)-annotations.html
C:/Users/grsch/Desktop/main/Annotation Plans.html,C:/Users/grsch/Desktop/main/fall-2014/annotation-plans.html
C:/Users/grsch/Desktop/main/Bilak Field Notes.html,C:/Users/grsch/Desktop/main/fall-2014/bilak-field-notes.html
C:/Users/grsch/Desktop/main/Boulboullé Field Notes.html,C:/Users/grsch/Desktop/main/fall-2014/boulboullé-field-notes.html
C:/Users/grsch/Desktop/main/Boyd - Bread Molding Reconstruction Field Notes.html,C:/Users/grsch/Desktop/main/fall-2014/boyd_bread-molding-reconstruction-field-notes.html
C:/Users/grsch/Desktop/main/Boyd - Field Notes - Dental Office Gold Casting.html,C:/Users/grsch/Desktop/main/fall-2014/boyd_field-notes_dental-office-gold-casting.html
C:/Users/grsch/Desktop/main/Boyd - Historical Recipe Reconstruction Field Notes.html,C:/Users/grsch/Desktop/main/fall-2014/boyd_historical-recipe-reconstruction-field-notes.html
C:/Users/grsch/Desktop/main/Boyd - Sand Casting Field Notes.html,C:/Users/grsch/Desktop/main/fall-2014/boyd_sand-casting-field-notes.html
C:/Users/grsch/Desktop/main/Boyd Field Notes.html,C:/Users/grsch/Desktop/main/fall-2014/boyd-field-notes.html
C:/Users/grsch/Desktop/main/Bread Mold Recipes.html,C:/Users/grsch/Desktop/main/fall-2014/bread-mold-recipes.html
C:/Users/grsch/Desktop/main/Bread Molding Field Notes.html,C:/Users/grsch/Desktop/main/fall-2014/bread-molding-field-notes.html
C:/Users/grsch/Desktop/main/Bread Molding Recipes Field Notes.html,C:/Users/grsch/Desktop/main/fall-2014/bread-molding-recipes-field-notes.html
C:/Users/grsch/Desktop/main/Bread Molding Reconstruction - Spring 2015.html,C:/Users/grsch/Desktop/main/fall-2014/bread-molding-reconstruction_spring-2015.html
C:/Users/grsch/Desktop/main/Bread Molding Reconstruction Field Notes.html,C:/Users/grsch/Desktop/main/fall-2014/bread-molding-reconstruction-field-notes.html
C:/Users/grsch/Desktop/main/Bread Molds BnF recipes.html,C:/Users/grsch/Desktop/main/fall-2014/bread-molds-bnf-recipes.html
C:/Users/grsch/Desktop/main/Carlson Field Notes.html,C:/Users/grsch/Desktop/main/fall-2014/carlson-field-notes.html
C:/Users/grsch/Desktop/main/Carlson  Bread Molding Recipes Field Notes.html,C:/Users/grsch/Desktop/main/fall-2014/carlson--bread-molding-recipes-field-notes.html
C:/Users/grsch/Desktop/main/Carlson  Historical Recipe Reconstruction Field Notes.html,C:/Users/grsch/Desktop/main/fall-2014/carlson--historical-recipe-reconstruction-field-notes.html
C:/Users/grsch/Desktop/main/Carlson  Plaster Molds Field Notes.html,C:/Users/grsch/Desktop/main/fall-2014/carlson--plaster-molds-field-notes.html
C:/Users/grsch/Desktop/main/Carlson  Portrait Medal Field Notes.html,C:/Users/grsch/Desktop/main/fall-2014/carlson--portrait-medal-field-notes.html
C:/Users/grsch/Desktop/main/Carlson  Sand Molding and Casting Field Notes.html,C:/Users/grsch/Desktop/main/fall-2014/carlson--sand-molding-and-casting-field-notes.html
C:/Users/grsch/Desktop/main/Carlson_Katz.html,C:/Users/grsch/Desktop/main/fall-2014/carlson_katz.html
C:/Users/grsch/Desktop/main/Cataldo - Sand Casting.html,C:/Users/grsch/Desktop/main/fall-2014/cataldo_sand-casting.html
C:/Users/grsch/Desktop/main/Cataldo Field Notes.html,C:/Users/grsch/Desktop/main/fall-2014/cataldo-field-notes.html
C:/Users/grsch/Desktop/main/Cataldo-Visco - Historical Recipe Reconstruction Field Notes.html,C:/Users/grsch/Desktop/main/fall-2014/cataldo-visco_historical-recipe-reconstruction-field-notes.html
C:/Users/grsch/Desktop/main/Cataldo-Visco - Manuscript Annotations.html,C:/Users/grsch/Desktop/main/fall-2014/cataldo-visco_manuscript-annotations.html
C:/Users/grsch/Desktop/main/Cataldo_Visco.html,C:/Users/grsch/Desktop/main/fall-2014/cataldo_visco.html
C:/Users/grsch/Desktop/main/Class Notes Fall semester.html,C:/Users/grsch/Desktop/main/fall-2014/class-notes-fall-semester.html
"C:/Users/grsch/Desktop/main/Diana, Yijun, Michelle.html",C:/Users/grsch/Desktop/main/fall-2014/diana-yijun-michelle.html
C:/Users/grsch/Desktop/main/Donna Bilak (dab2208) Profile.html,C:/Users/grsch/Desktop/main/fall-2014/donna-bilak-(dab2208)-profile.html
"C:/Users/grsch/Desktop/main/excellent mustard, 48r.html",C:/Users/grsch/Desktop/main/fall-2014/excellent-mustard-48r.html
"C:/Users/grsch/Desktop/main/Field Notes  September 8, 2014.html",C:/Users/grsch/Desktop/main/fall-2014/field-notes--september-8-2014.html
C:/Users/grsch/Desktop/main/Final Annotations.html,C:/Users/grsch/Desktop/main/fall-2014/final-annotations.html
C:/Users/grsch/Desktop/main/Historical Papermaking Demonstration.html,C:/Users/grsch/Desktop/main/fall-2014/historical-papermaking-demonstration.html
C:/Users/grsch/Desktop/main/Historical Recipe.html,C:/Users/grsch/Desktop/main/fall-2014/historical-recipe.html
C:/Users/grsch/Desktop/main/HRR Media.html,C:/Users/grsch/Desktop/main/fall-2014/hrr-media.html
C:/Users/grsch/Desktop/main/Jef and Emily.html,C:/Users/grsch/Desktop/main/fall-2014/jef-and-emily.html
C:/Users/grsch/Desktop/main/Jef R. Palframan Profile.html,C:/Users/grsch/Desktop/main/fall-2014/jef-r-palframan-profile.html
C:/Users/grsch/Desktop/main/Jenny Boulboullé (jbb2161) Profile.html,C:/Users/grsch/Desktop/main/fall-2014/jenny-boulboullé-(jbb2161)-profile.html
C:/Users/grsch/Desktop/main/Jonah Bossewitch (jb2410) Profile.html,C:/Users/grsch/Desktop/main/fall-2014/jonah-bossewitch-(jb2410)-profile.html
C:/Users/grsch/Desktop/main/Jordan Katz - Plaster Casting Field Notes.html,C:/Users/grsch/Desktop/main/fall-2014/jordan-katz_plaster-casting-field-notes.html
C:/Users/grsch/Desktop/main/Jordan Katz  Bread Molding Recipes Field Notes.html,C:/Users/grsch/Desktop/main/fall-2014/jordan-katz--bread-molding-recipes-field-notes.html
C:/Users/grsch/Desktop/main/Katz Bread Molding Field Notes.html,C:/Users/grsch/Desktop/main/fall-2014/katz-bread-molding-field-notes.html
C:/Users/grsch/Desktop/main/Katz Field Notes.html,C:/Users/grsch/Desktop/main/fall-2014/katz-field-notes.html
C:/Users/grsch/Desktop/main/Katz Historical Recipe Reconstruction Field Notes.html,C:/Users/grsch/Desktop/main/fall-2014/katz-historical-recipe-reconstruction-field-notes.html
C:/Users/grsch/Desktop/main/Laha Field Notes.html,C:/Users/grsch/Desktop/main/fall-2014/laha-field-notes.html
C:/Users/grsch/Desktop/main/Landsman - Historical Recipe Reconstruction Field Notes.html,C:/Users/grsch/Desktop/main/fall-2014/landsman_historical-recipe-reconstruction-field-notes.html
C:/Users/grsch/Desktop/main/Landsman Field Notes.html,C:/Users/grsch/Desktop/main/fall-2014/landsman-field-notes.html
C:/Users/grsch/Desktop/main/Lee - Bread Molding Recipes.html,C:/Users/grsch/Desktop/main/fall-2014/lee_bread-molding-recipes.html
C:/Users/grsch/Desktop/main/Lee - Historical Recipe Reconstruction.html,C:/Users/grsch/Desktop/main/fall-2014/lee_historical-recipe-reconstruction.html
C:/Users/grsch/Desktop/main/Lee Field Notes.html,C:/Users/grsch/Desktop/main/fall-2014/lee-field-notes.html
"C:/Users/grsch/Desktop/main/Lee, Mellon, Wang.html",C:/Users/grsch/Desktop/main/fall-2014/lee-mellon-wang.html
C:/Users/grsch/Desktop/main/Lost Wax and Sandcasting Demonstrations (Videos).html,C:/Users/grsch/Desktop/main/fall-2014/lost-wax-and-sandcasting-demonstrations-(videos).html
"C:/Users/grsch/Desktop/main/magistry, 84r.html",C:/Users/grsch/Desktop/main/fall-2014/magistry-84r.html
C:/Users/grsch/Desktop/main/Manuscript Annotations.html,C:/Users/grsch/Desktop/main/fall-2014/manuscript-annotations.html
C:/Users/grsch/Desktop/main/Manuscript Annotations - 106r and 145r.html,C:/Users/grsch/Desktop/main/fall-2014/manuscript-annotations_106r-and-145r.html
C:/Users/grsch/Desktop/main/Manuscript Annotations - Jef's Orange Pigment recipe.html,C:/Users/grsch/Desktop/main/fall-2014/manuscript-annotations_jef+039s-orange-pigment-recipe.html
C:/Users/grsch/Desktop/main/Manuscript Annotations - Stucco for Molding.html,C:/Users/grsch/Desktop/main/fall-2014/manuscript-annotations_stucco-for-molding.html
C:/Users/grsch/Desktop/main/Manuscript Annotations project notes.html,C:/Users/grsch/Desktop/main/fall-2014/manuscript-annotations-project-notes.html
C:/Users/grsch/Desktop/main/Mellon - Bread Molding Recipes Field Notes.html,C:/Users/grsch/Desktop/main/fall-2014/mellon_bread-molding-recipes-field-notes.html
C:/Users/grsch/Desktop/main/Mellon - Historical Recipe Reconstruction Field Notes.html,C:/Users/grsch/Desktop/main/fall-2014/mellon_historical-recipe-reconstruction-field-notes.html
C:/Users/grsch/Desktop/main/Mellon - Historical Recipe Reconstruction Fieldnotes.html,C:/Users/grsch/Desktop/main/fall-2014/mellon_historical-recipe-reconstruction-fieldnotes.html
C:/Users/grsch/Desktop/main/Mellon - Sugar Molding and Sugar Sculpture.html,C:/Users/grsch/Desktop/main/fall-2014/mellon_sugar-molding-and-sugar-sculpture.html
C:/Users/grsch/Desktop/main/Mellon Field Notes.html,C:/Users/grsch/Desktop/main/fall-2014/mellon-field-notes.html
"C:/Users/grsch/Desktop/main/Modern Instructions  September 8, 2014.html",C:/Users/grsch/Desktop/main/fall-2014/modern-instructions--september-8-2014.html
C:/Users/grsch/Desktop/main/Notes on Annotation Plans - Materials.html,C:/Users/grsch/Desktop/main/fall-2014/notes-on-annotation-plans_materials.html
C:/Users/grsch/Desktop/main/Overview Annotation Experiments.html,C:/Users/grsch/Desktop/main/fall-2014/overview-annotation-experiments.html
C:/Users/grsch/Desktop/main/Overview of Annotation Experiments.html,C:/Users/grsch/Desktop/main/fall-2014/overview-of-annotation-experiments.html
"C:/Users/grsch/Desktop/main/ox bone and rock salt, 89r.html",C:/Users/grsch/Desktop/main/fall-2014/ox-bone-and-rock-salt-89r.html
C:/Users/grsch/Desktop/main/Palframan - Annotation Field Notes Fall 2014.html,C:/Users/grsch/Desktop/main/fall-2014/palframan_annotation-field-notes-fall-2014.html
C:/Users/grsch/Desktop/main/Palframan - BMR Field Notes Fall 2014.html,C:/Users/grsch/Desktop/main/fall-2014/palframan_bmr-field-notes-fall-2014.html
C:/Users/grsch/Desktop/main/Palframan - HRR Field Notes Fall 2014.html,C:/Users/grsch/Desktop/main/fall-2014/palframan_hrr-field-notes-fall-2014.html
C:/Users/grsch/Desktop/main/Palframan - Sand Casting Field Notes Fall 2014.html,C:/Users/grsch/Desktop/main/fall-2014/palframan_sand-casting-field-notes-fall-2014.html
C:/Users/grsch/Desktop/main/Palframan - Stucco for Molding Field Notes Fall 2014.html,C:/Users/grsch/Desktop/main/fall-2014/palframan_stucco-for-molding-field-notes-fall-2014.html
C:/Users/grsch/Desktop/main/Plaster Casting - Field Note Fall 2014.html,C:/Users/grsch/Desktop/main/fall-2014/plaster-casting_field-note-fall-2014.html
C:/Users/grsch/Desktop/main/Plaster Casting Field Notes.html,C:/Users/grsch/Desktop/main/fall-2014/plaster-casting-field-notes.html
C:/Users/grsch/Desktop/main/Plaster Casting Yijun Wang.html,C:/Users/grsch/Desktop/main/fall-2014/plaster-casting-yijun-wang.html
"C:/Users/grsch/Desktop/main/Power Point  September 8, 2014.html",C:/Users/grsch/Desktop/main/fall-2014/power-point--september-8-2014.html
C:/Users/grsch/Desktop/main/Recipe 106r.html,C:/Users/grsch/Desktop/main/fall-2014/recipe-106r.html
C:/Users/grsch/Desktop/main/Recipe 145r.html,C:/Users/grsch/Desktop/main/fall-2014/recipe-145r.html
"C:/Users/grsch/Desktop/main/Recipe Research  September 11, 2014.html",C:/Users/grsch/Desktop/main/fall-2014/recipe-research--september-11-2014.html
C:/Users/grsch/Desktop/main/Recipes from BnF Ms Fr 640.html,C:/Users/grsch/Desktop/main/fall-2014/recipes-from-bnf-ms-fr-640.html
C:/Users/grsch/Desktop/main/Related Casting Recipes.html,C:/Users/grsch/Desktop/main/fall-2014/related-casting-recipes.html
C:/Users/grsch/Desktop/main/Research Annotation Plans.html,C:/Users/grsch/Desktop/main/fall-2014/research-annotation-plans.html
C:/Users/grsch/Desktop/main/Rowan - Historical Recipe Reconstruction Field Notes.html,C:/Users/grsch/Desktop/main/fall-2014/rowan_historical-recipe-reconstruction-field-notes.html
C:/Users/grsch/Desktop/main/Rowen - Bread Molding Recipes Field Notes.html,C:/Users/grsch/Desktop/main/fall-2014/rowen_bread-molding-recipes-field-notes.html
C:/Users/grsch/Desktop/main/Rowen - Historical Recipe Reconstruction Field Notes.html,C:/Users/grsch/Desktop/main/fall-2014/rowen_historical-recipe-reconstruction-field-notes.html
C:/Users/grsch/Desktop/main/Rowen - Plaster Casting Field Notes.html,C:/Users/grsch/Desktop/main/fall-2014/rowen_plaster-casting-field-notes.html
C:/Users/grsch/Desktop/main/Rowen - Sand Casting Field Notes.html,C:/Users/grsch/Desktop/main/fall-2014/rowen_sand-casting-field-notes.html
C:/Users/grsch/Desktop/main/Rowen Field Notes.html,C:/Users/grsch/Desktop/main/fall-2014/rowen-field-notes.html
C:/Users/grsch/Desktop/main/Rowen_Landsman.html,C:/Users/grsch/Desktop/main/fall-2014/rowen_landsman.html
C:/Users/grsch/Desktop/main/Safety Resources.html,C:/Users/grsch/Desktop/main/fall-2014/safety-resources.html
C:/Users/grsch/Desktop/main/Sand Casting.html,C:/Users/grsch/Desktop/main/fall-2014/sand-casting.html
C:/Users/grsch/Desktop/main/Sand Casting Field Notes.html,C:/Users/grsch/Desktop/main/fall-2014/sand-casting-field-notes.html
C:/Users/grsch/Desktop/main/Sand Casting_Yijun_Wang.html,C:/Users/grsch/Desktop/main/fall-2014/sand-casting_yijun_wang.html
C:/Users/grsch/Desktop/main/Sand Mold Recipes.html,C:/Users/grsch/Desktop/main/fall-2014/sand-mold-recipes.html
C:/Users/grsch/Desktop/main/Sand Molds BnF recipes.html,C:/Users/grsch/Desktop/main/fall-2014/sand-molds-bnf-recipes.html
C:/Users/grsch/Desktop/main/Sourcing Materials.html,C:/Users/grsch/Desktop/main/fall-2014/sourcing-materials.html
C:/Users/grsch/Desktop/main/Technique Videos.html,C:/Users/grsch/Desktop/main/fall-2014/technique-videos.html
C:/Users/grsch/Desktop/main/Visco Field Notes.html,C:/Users/grsch/Desktop/main/fall-2014/visco-field-notes.html
C:/Users/grsch/Desktop/main/Visco Historical Recipe Reconstruction Field Notes.html,C:/Users/grsch/Desktop/main/fall-2014/visco-historical-recipe-reconstruction-field-notes.html
C:/Users/grsch/Desktop/main/Visco Plaster Casting Field Notes.html,C:/Users/grsch/Desktop/main/fall-2014/visco-plaster-casting-field-notes.html
C:/Users/grsch/Desktop/main/Visco Sand Casting.html,C:/Users/grsch/Desktop/main/fall-2014/visco-sand-casting.html
C:/Users/grsch/Desktop/main/Visco Sugar Molding and Sugar Sculpture Field Notes.html,C:/Users/grsch/Desktop/main/fall-2014/visco-sugar-molding-and-sugar-sculpture-field-notes.html
C:/Users/grsch/Desktop/main/Wang - Bread Molding Recipes.html,C:/Users/grsch/Desktop/main/fall-2014/wang_bread-molding-recipes.html
C:/Users/grsch/Desktop/main/Wang - Excellent Mustard.html,C:/Users/grsch/Desktop/main/fall-2014/wang_excellent-mustard.html
C:/Users/grsch/Desktop/main/Wang Field Notes.html,C:/Users/grsch/Desktop/main/fall-2014/wang-field-notes.html
C:/Users/grsch/Desktop/main/Working with Wax.html,C:/Users/grsch/Desktop/main/fall-2014/working-with-wax.html
C:/Users/grsch/Desktop/main/Working with Wax BnF Ms Fr 640 Recipes.html,C:/Users/grsch/Desktop/main/fall-2014/working-with-wax-bnf-ms-fr-640-recipes.html
