entry_id,prop,counts,tc,tcn,tl
008v_2,m,"[10, 11, 11]",Or et argent moulu; or fin; ☿; mercure; mabre; eau gommee; argent; eau fort; cuivre; eau gommee,"Or; argent moulu; or fin; ☿; mercure; mabre; eau gommée; argent,; eau fort; cuivre; eau gommée",Or; argent moulu; fine gold; ☿; mercury; marble; gum water; silver; aquafortis; copper; gum water
008v_3,m,"[13, 12, 12]",pierres; estain; plomb; cuivre fin; cuivre; diamant; rubi; saphir; jacinthe orientale; estain; pierres; esmeraulde; ametiste,pierres; estain; plomb; cuivre fin; cuivre; diamant; rubi; saphir; jacinthe orientale; estain; esmeraulde; ametiste,stones; tin; lead; fine copper; copper; diamond; ruby; sapphire; oriental jacinth; tin; emerald; amethyst
017r_1,ms,"[141, 142, 142]",pas; pas; pas; qualibre du roy; lb; quintals; qualibre de roy; lb; espesseur de  deux balles & un quart de balle; espesseur dune balle & la troisiesme partye dune balle; lb; pans; pan de montpellier; pan de roy; pan de montpellier; pan de roy; pas; pas; trois pars  de rosette & une de metal  fin de la grosse cloche; lb; pan de montpellier; poulces  de roy; quintals; espesseur de b deulx balles & ldes trois parties dune  balle lune; espesseur dune balle & de deulx  trois parties les deulx; pans; pas; pas; lb; lb; demy lanterne; par jour; quintals; quintals & demy; quintal; lb; quintal; lb; quintal; lb pour quintal; lb selon lordonnance du roy pour quintal; lb; quintals; pans; espesseur  dune demy bale; troisiesme  partye dune balle; lanternes; une &  demye de; un quintal de metal  sur deulx de rosette; aultant dun  que daultre; partye; quintals; pans; qualibre de roy; lb; lb; espesseur de deux de ses balles & lesa trois troisiesme parties dune balle; espesseur dune balle & de  trois parties les deulx; quintaulx; lb; pas; pas; demye lieue; poulse; quintals; lb; lb; lb; espesseur de deulx  de ses balles & lesa troissiesme parties dune balle; espesseur  dune balle & de trois parties les deux; pans; espoisseur  de trois balles  a la culasse &  au devant de  deulx balles; quintals; pans; trois balles a la culasse & deulx devant; lb; pans; balles; lieue; demy lieue; quintal; pans; lb; livres; trois balles  despesseur; pas; diametre dune balle  & demye; escusson; espesseur de deulx  balles; espoiseur de trois  balles; jusques  a lescusson; quintals; lanternes; lanterne; quintal; quintals; pans; lb; lb; A la culasse elle ha trois  balles & deux devant; qualibre; balles; quintals; pans; lb; lb; A la culasse il ha trois balles &  deux de devant; quintals; pans; lb; lb; A la culasse trois balles au devant; lanterne; quintal; pan; demy lb; A la culasse 3 balles & 2 devant; quintals; 3 balles & la douziesme partie dune  balle; quintal; pan; lb; A la culasse 3 balles deulx devant; balles; balle; jusques a la cime de lescusson; balles; lespesseur de c cinq balles; Lanterne; lb; lb; lignes; quintal; pan; quintal; jusques  a lescusson; lespesseur de 4 balles; lb; pan; jusques a lescusson; la longueur de 4 balles,"pas; pas; pas; qualibre du roy; lb; quintals; qualibre de roy; lb; espesseur de  deux balles & un quart de balle; espesseur d’une balle & la troisiesme partye d’une balle; lb; lb; pans; pan de Montpellier; pan de roy; pan de Montpellier; pan de roy; pas; pas; trois pars  de rosette & une de metal  fin de la grosse cloche; lb; pan de Montpellier; poulces  de roy; quintals; espesseur de b deulx balles & ldes trois parties d’une  balle l’une; espesseur d’une balle & de deulx  trois parties les deulx; pans; pas; pas; lb; lb; demy lanterne; par jour; quintals; quintals & demy; quintal; lb; quintal; lb; quintal; lb pour quintal; lb, selon l’ordonnance du roy, pour quintal; lb; quintals; pans; espesseur  d’une demy bale; troisiesme  partye d’une balle; lanternes; une &  demye de; un quintal de metal  sur deulx de rosette; aultant d’un  que d’aultre; partye; quintals; pans; qualibre de roy; lb; lb; espesseur de deux de ses balles & lesa trois troisiesme parties d’une balle; espesseur d’une balle & de  trois parties les deulx; quintaulx; lb; pas; pas; demye lieue; poulse; quintals; lb; lb; lb; espesseur de deulx  de ses balles & lesa troissiesme parties d’une balle; espesseur  d’une balle & de trois parties les deux; pans; espoisseur  de trois balles  à la culasse, &  au devant de  deulx balles; quintals; pans; trois balles à la culasse & deulx devant; lb; pans; balles; lieue; demy lieue; quintals; pans; lb; livres; trois balles  d’espesseur; pas; diametre d’une balle  & demye; escusson; espesseur de deulx  balles; espoiseur de trois  balles; jusques  à l’escusson; quintals; lanternes; lanterne; quintal; quintals; pans; lb; lb; À la culasse elle ha trois  balles & deux devant; qualibre; balles; quintals; pans; lb; lb; À la culasse il ha trois balles &  deux de devant; quintals; pans; lb; lb; À la culasse trois balles, au devant deulx; lanterne; quintal; pan; demy lb; À la culasse 3 balles & 2 devant; quintal; 3 balles & la douziesme partie d’une  balle; quintal; pan; lb; À la culasse 3 balles, deulx devant; balles; balle; jusques à la cime de l’escusson; balles; l’espesseur de c cinq balles; lanterne; lb; lb; lignes; quintal; pan; quintal; jusques  à l’escusson; l’espesseur de 4 balles; lb; pan; jusques à l’escusson; la longueur de 4 balles","paces; paces; paces; lb; King’s caliber; quintals; King’s caliber; lb; width of two balls & a quarter of a ball; width of one ball & a third of a ball; lb; lb; pans; pan of Montpellier; King’s pan; pan of Montpellier; King’s pan; paces; paces; three parts of rosette & one of the fine metal of la large bells; lb; pan of Montpellier; King’s inches; quintals; thickness of b two balls & one lof the three parts of one ball; thickness of one ball & two two of the three parts; pans; paces; paces; lb; lb; half ladle; per day; quintals; quintals & a half; quintal; lb; quintal; lb; quintal; lb per quintal; lb, according to the King’s ordinance, per quintal; lb; quintals; pans; thickness of half a ball; third part of a ball; ladles; one & a half of; one quintal of metal for two of rosette; as much of one as of the other; part; quintals; pans; King’s caliber; lb; lb; thickness of two of its balls & esthe three third parts of a ball; thickness of one ball & two thirds; quintals; lb; paces; paces; league; thumb’s breadth; quintal; lb; lb; lb; thickness of two of its balls & thees threeird parts of a ball; thickness of a ball & two of three parts; pans; thickness of three balls at the breech & at the front of two balls; quintal; pan; three balls at the breech & two in front; lb; pan; balls; league; a half league; quintals; pans; lb; pounds; thickness of three balls; paces; diameter of a ball & a half; escutcheon; thickness of two balls; thickness of three balls; up to the escutcheon; quintals; ladles; ladle; quintal; quintals; pans; lb; lb; At the breech it has three balls & two in front; caliber; 3 balls thick; quintals; pans; lb; lb; At the breech it has three balls & two in the front; quintals; pans; lb; lb; At the breech three balls; ladle; quintals; pans; half a lb; At the breech, 3 balls, & 2 in front; quintals; 3 balls & a twelfth part of a ball; quintal; pans; lb; At the breech 3 balls, two in front; balls; ball; up to the top of the escutcheon; balls; thickness of c five balls; ladle; lb; lb; lines; quintal; pans; quintal; up to the escutcheon; thickness of 4 balls; lb; pans; up to the escutcheon; the length of 4 balls"
020r_1,tl,"[10, 10, 11]",cedas; moulles; fouye; moulles; moules; fouye; moules; couvercle; moulle; couvercle,cedas; moulles; fouyé; moulles; moules; fouyé; moules; couvercle; moulle; couvercle,hair sieve; molds; hearth; molds; molds; hearth; molds; lids; molds; lids; embers
020r_2,tl,"[1, 1, 0]",chassis,chassis,
036r_1,tl,"[30, 30, 31]",boule; de a couldre; petit estuy de cuyr simple comme de vache ou marroquin; boules de buys; de a couldre; estuy de cuir; table; pillotte; baston; estuy de cuir; pelotte; de a  couldre; petit doit; annulaire; main droite; baston; estuy de cuir; pelotte; moule de cuir; pelotte; de; table; pelotte; table; table; estuy de cuir; estuy; boule; estuy; de,boule; dé à couldre; petit estuy de cuyr simple comme de vache ou marroquin; boules de buys; dé à couldre; estuy de cuir; table; pillotte; baston; estuy de cuir; pelotte; dé à  couldre; petit doit; annulaire; main droite; baston; estuy de cuir; pelotte; moule de cuir; pelotte; dé; table; pelotte; table; table; estuy de cuir; estuy; boule; estuy; dé,"ball; thimble; small sheath of plain leather, such as cow or morocco; boxwood balls; thimble; leather sheath; table; ball; stick; leather sheath; ball; thimble; little finger; ring finger; right hand; stick; leather sheath; ball; leather mold; ball; thimble; table; ball; table; table; leather sheath; ball; sheath; ball; sheath; thimble"
045v_1,wp,"[8, 7, 7]",arquebus; harquebus; harquebus; harquebus; harquebus; harquebus; canon; harquebus,arquebus; harquebus; harquebus; harquebus; harquebus; harquebus; harquebus,arquebus; arquebus; arquebus; arquebus; arquebus; arquebus; arquebus
045v_2,wp,"[2, 1, 1]",canon; canon,canon,cannon
053v_1,ms,"[16, 16, 15]",once; lb; once; lb; once; once; onces; fois le jour; jours; grandeur dun oeuf de pigeon; sepmaines; de la moictie; long comme le doigt annulaire; court de la moictie; sepmaines; jusques a la sepmaine  saincte,once; lb; once; lb; once; once; onces; fois le jour; jours; grandeur d’un oeuf de pigeon; sepmaines; de la moictié; long comme le doigt annulaire; court de la moictié; sepmaines; jusques à la Sepmaine  saincte,ounce; lb; ounce; lb; ounce; ounces; times per day; days; size of a pigeon egg; weeks; by half; as long as a ring finger; shorter by half; weeks; until Holy Week
058v_4,la,"[1, 1, 0]",palma christi,palma christi,
060r_3,la,"[1, 1, 0]",palma christi,palma christi,
081r_1,m,"[14, 14, 13]",Sable; plomb; estaim; cuivre; metal; paille; crasse; sable; linge; sable; suif; mercure  arreste; metal; plomb,Sable; plomb; estaim; cuivre; metal; paille; crasse; sable; linge; sable; suif; mercure  arresté; metal; plomb,Sand; lead; tin; copper; metal; straw; filth; the finest sand you have; linen; moistened sand; Tallow; Fixed mercury; lead
081r_4,m,"[7, 7, 8]",Carton; papier de florence; eau; linge; colle; toile; colle forte,Carton; papier de Florence; eau; linge; colle; toile; colle forte,Carton; paper from Florence; water; linen; paper; glue; cloth; strong glue
082v_3,m,"[1, 1, 0]",Sable,Sable,
082v_4,m,"[14, 14, 15]",bronze; laitton de potin; laitton fin de cassole; letton  fin; cuivre rouge; fume; luter; charbon; fer; bourras; fer; cuivre; letton fin; cuivre rouge,bronze; laitton de potin; laitton fin de cassole; letton  fin; cuivre rouge; fume; luter; charbon; fer; bourras; fer; cuivre; letton fin; cuivre rouge,bronze; Latten of potin; fine latten of pots; fine latten; red copper; smokes; lute; charcoal; wood; iron; wool stuffing; iron; copper; fine latten; red copper
084r_5,tl,"[6, 7, 7]",four; moule; pile; tamise; pile; chauldiere de cuivre,four; moule; pile; tamise; commun tamis; pilé; chauldiere de cuivre,oven; mold; pestle; sieve; common sieve; pestled; copper kettle
086v_1,ms,"[5, 5, 6]",nuit; heures; moictie; moictie; moictie,nuit; heures; moictié; moictie; moictié,night; hours; half; half; half; half
086v_1,tl,"[16, 16, 15]",mabre; chassis; chassis; moule; chassis; chassis; crusol; fourneau a souflets; four  a vent; four a vent; moule; chassis; moule; carton; moules; doigt,mabre; chassis; chassis; moule; chassis; chassis; crusol; fourneau à souflets; four  à vent; four à vent; moule; chassis; moule; carton; moules; doigt,marble; frame; frame; mold; frame; frame; crucible; bellows furnace; four à vent; four à vent; mold; frame; mold; carton; finger
086v_1,wp,"[0, 0, 1]",,,cannons
092r_4,pro,"[1, 1, 2]",fondeurs,fondeurs,founder; founders
093r_5,m,"[5, 5, 4]",Sable; cendre; suye bien pulverisee; chaulx vive subtillement pulverisee; pierre  vive,Sable; cendre; suye bien pulverisée; chaulx vive subtillement pulverisée; pierre  vive,Sand; Well pulverized ash tallow; Finely pulverized quicklime; flint
094r_1,pro,"[17, 17, 19]",Fourbisseur; Ceulx qui font les gardes despees; artisans; fourbisseur; mareschaulx; fourbisseur; forbisseur; serruriers; mareschaulx; roy; forbisseurs; aprentis; fourbisseur; menusiers; ouvrier; celuy mesme qui ha faict le boys; communes gens,Fourbisseur; Ceulx qui font les gardes d’espées; artisans; fourbisseur; mareschaulx; fourbisseur; forbisseur; serruriers; mareschaulx; roy; forbisseurs; aprentis; fourbisseur; menusiers; ouvrier; celuy mesme qui ha faict le boys; communes gens,Furbisher; Those who create sword guards; artisans; furbisher; farriers; furbisher; furbisher; locksmiths; farriers; King; furbishers; apprentice; furbisher; joiners; joiner; joiner; workman; worker who made the wood piece; common people
094r_1,tl,"[69, 70, 69]",fil de  fer; peau de chien; rouet; banc  des fourreaux; chameau; arson; baston  de la fustee; brunir; fustee; cornet  a huile; cornet de lesmery; poincte  dhalebarde; lime; grateau; lime; pierre; coux; flin; pierre                 de fouldre; baston a felinder; fustee; fustee; baston a fresiller; forge des mareschaulx; forgees; forge; pied; meule; chameau; esmeril pulverise; baston; meule; esmeril; doigt; chameau; felin; pierre de fouldre; fustee; baston a felinder; felin; croye; croye  seiche; gratteau; main; estoc; lime; marteau; marteau; lime; ciseau; cloux; clou; banc des fourreaulx; plane; petit fer; banc des menusiers; plane; plane; costeau a deulx manches; rabot; plane ronde manchee aussy a deulx manches; petite plane estroicte; pierre noire; ciseau; ribot; loppin de buys; plane; bois de buy; linge,"fustée; fil de  fer; peau de chien; rouet; banc  des fourreaux; chameau; arson; baston  de la fustée; brunir; fustée; cornet  à huile; cornet de l’esmery; poincte  d’halebarde; limé; grateau; lime; pierre; coux; flin; pierre de fouldre; baston                 a felinder; fustée; fustée; baston à fresiller; forge des mareschaulx; forgées; forge; pied; meule; chameau; esmeril pulverisé; baston; meule; esmeril; doigt; chameau; felin; pierre de fouldre; fustée; baston à felinder; felin; croye; croye  seiche; gratteau; main; estoc; lime; marteau; marteau; lime; ciseau; cloux; clou; banc des fourreaulx; plane; petit fer; banc des menusiers; plane; plane; costeau à deulx manches; rabot; plane ronde, manchée aussy à deulx manches; petite plane estroicte; pierre noire; ciseau; ribot; loppin de buys; plane; bois de buy; linge","fustée; iron wire; dog skin; spinning wheel; scabbard bench; chameau; arson; stick of the fustée; fustée; oil horn; emery horn; halberd point; filed; grateau; file; stone; sharpening stone; flin; thunder                 stone; baston a felinder; fustée; fustée; fresil stick; farriers’ forge; well-forged; forge; foot; grindstone; chameau; pulverized emery; stick; grindstone; emery; finger; chameau; felin; thunderstone; fustée; baton à felinder; felin; chalk; dry chalk; gratteau; hand; vise; file; hammer; hammer; file; chisel; nails; nail; scabbard bench; plane; small iron tool; joiners’ bench; plane; plane; knife with two handles; joiner’s plane; round plane, also mounted with two handles; small narrow plane; black stone; chisel; joiner’s plane; boxwood; plane; boxwood; cloth"
094r_1,wp,"[24, 24, 14]",espee; espee; espee; gardes; espee; espees; espees; gardes; espees; gardes; espees de vienne; espee; espee; espee; espee; gardes; garde; espee; gardes; espee; espee; espee; espee; espees,espée; garde; espée; garde; garde; garde; garde; garde; gardes; gardes; espées; gardes; espées; espée; espée; espée; espée; gardes; garde; gardes; espée; espée; espée; espées,guards; swords; sword; sword; sword; sword; guards; guard; sword; sword; sword; sword; sword; swords
094r_1,la,"[0, 0, 1]",,,carolus
098r_2,pa,"[1, 1, 2]",rosmarin,rosmarin,rosemary; prune
098r_3,m,"[21, 22, 22]",estamer; vinaigre; linge; rousine; vernis; estaim pur & fin; fer; estain; rousine; fer; estain; estoupes; estame; rousine; estain; estain; estamees; estamure faycte de foeille; estain; estamure; sel armoniac,estamer; vinaigre; linge; rousine; vernis; estaim pur & fin; fer; estain; rousine; crasse; fer; estain; estoupes; estame; rousine; estain; estain; estamées; estamure faycte de foeille; estain; estamure; sel armoniac,tin; vinegar; linen; rosin; varnish; pure & fine tin; iron; tin; rosin; filth; iron; tin; tow; tinned; rosin; tin; tin; tinned; tinning done in leaf; tin; tinning; sal ammoniac
098v_1,al,"[2, 2, 3]",chiens; chiens,chiens; chiens,dogs; dogs; water-dogs
098v_4,al,"[2, 2, 1]",Oyseaulx; lievre,Oyseaulx; lievre,Birds
104v_3,df,"[0, 0, 1]",,,spangling work
105r_4,ms,"[6, 5, 6]",jours; jours; doigts; despuys la  my may; jusques au commancement daougst; Au moys de Janvier,jours; jours; doigts; despuys la  my may; au moys de janvier,days; days; fingers; from mid-May; until the beginning of August; in the month of January
105v_1,oc,"[1, 1, 0]",armols,armols,
105v_3,al,"[5, 5, 7]",rossignols; rossignol; vers; vers; vers,rossignols; rossignol; vers; vers; vers,nightingales; nightingale; worms; nightingale; worms; worms; nightingales
106v_2,tl,"[10, 9, 10]",ongle; Pile; tamis; manche; chaulderon; poelonne; chauderon; baston; chaulderon; chaulderon,ongle; tamis; manche; chaulderon; poelonne; chauderon; baston; chaulderon; chaulderon,nail; Pestle; sieve; sleeve; cauldron; skillet; cauldron; stick; cauldron; cauldron
106v_3,tl,"[2, 1, 2]",piler; tamis,tamis,pestle; sieve
107r_1,al,"[10, 10, 9]",lezards; serpents; lezard; lezard; serpend; serpents; serpent; escrevisses; lucerta; serpent,lezards; serpents; lezard; lezard; serpend; serpents; serpent; escrevisses; lucerta; serpent,lizards; snakes; lizard; lizard; snake; Snakes; snake; crayfish; snake
107r_1,m,"[67, 67, 69]",laine; linge; sable; plastre  pulverise & recuit; tuile; alum de plume; brique; plastre; brique; alum de plume; alum de plume; sable; sable; sable; sable; metaulx; or; alum de plume; crocum ferri; or; sable; alum de plume; mabre; celuy blanc que v en pouldre que vendent les apotiquaires; crocum ferry; eau; bon alum de plume; soye c  blanche; duvet; pierre; alum de plume; sable; mabre; sable; tondure; terre bourre des fondeurs de grands ouvraiges; tondure; bourre; alum de plume; sable liquide; terre grasse; vini spiritum; vinaigre distille; plastre; alum  de plume; sable; brique; fil du propre  metal; fil de fer; dorer; argenter; eau de vye; sable; argent commun; souldure; spat; pierre blanchastre; le plus excellent sable qui se puisse trouver pour plomb estain cuivre argent & or; plomb; estain; cuivre; argent; or; plastre; cuir gras; cuivre et latton fondu; crasse,"laine; linge; sable; plastre  pulverisé & recuit; tuile; alum de plume; brique; plastre; brique; alum de plume; alum de plume; sable; sable; sable; sable; metaulx; or; alum de plume; crocum ferri; or; sable; alum de plume; mabre; celuy, blanc que v en pouldre, que vendent les apotiquaires; crocum ferry; eau; bon alum de plume; soye c  blanche; duvet; pierre; alum de plume; sable; mabre; sable; tondure; terre bourre des fondeurs de grands ouvraiges; tondure; bourre; alum de plume; sable liquide; terre grasse; vini spiritum; vinaigre distillé; plastre; alum  de plume; ; brique; fil du propre  metal; fil de fer; dorer; argenter; eau de vye; sable; argent commun; souldure; spat; pierre blanchastre; le plus excellent sable qui se puisse trouver pour plomb, estain, cuivre, argent & or; plomb; estain; cuivre; argent; or; plastre; cuir gras; cuivre et latton fondu; crasse","woollen; linen; sand; plaster, pulverized & reheated; tile; feather alum; brick; plaster; brick; feather alum; feather alum; sand; sand; sand; sand; metals; gold; feather alum; crocum ferri; gold; sand; Feather alum; marble; the white one that v in powder that apothecaries sell; Crocum ferri; water; Good feather alum; white c silk; down; stone; feather alum; sand; marble; sand; cloth shearings; founder’s earth of the founders of great works; cloth shearings; cloth waste; feather alum; liquid sand; fatty earth; animal; lucerta; vini spiritum; distilled vinegar; plaster; feather alum; sand; brick; wire of the same metal; iron wire; gold; silver; Eau-de-vie; sand; common silver; solder; Spat; whitish stone; the most excellent sand that can be found for lead; lead; tin; copper; silver; gold; plaster; greasy leather; molten copper and latten; filth"
108r_2,m,"[34, 34, 35]",Spalt; spalt; plastre cuict; pierres; croye de champaigne; eau de sel armoniac; eau; balottes; eau de sel armoniac; eau trouble & nette; eau; eau trouble; eau; eau; eau; sable; metaulx; or; argent; plomb; estaim; or; Alum de plume; tuile; immundice; briques; sable; alum de  plume; mabre; sable; mabre; Ardille; eau; eau,Spalt; spalt; plastre cuict; pierres; croye de Champaigne; eau de sel armoniac; eau; balottes; eau de sel armoniac; eau trouble & nette; eau; eau trouble; eau; eau; eau; sable; metaulx; or; argent; plomb; estaim; or; Alum de plume; tuile; immundice; briques; sable; alum de  plume; mabre; sable; mabre; ardille; eau; eau,Spalt; Spalt; cooked plaster; stones; chalk from Champagne; sal ammoniac water; water; small stones; impurities; sal ammoniac water; muddy & clean water; water; muddy water; water; water; water; sand; metals; gold; silver; lead; tin; gold; Feather alum; tile; impurity; feather alum; bricks; feather alum; marble; sand; marble; Clay; water; water
108r_2,tl,"[34, 34, 33]",ongle; bouteille; pot; vaisseau de terre; fornaise de ceulx qui font des pots; pots; pots; vaisseau; esponge; chassis; chaulderon; creusol; tuile; charbons; forge des orfevres; countour de briques; fourneau a vent; creusel; pile; mortier; mabre; Pile; mortier; pilon; mortier; mortier; pilon; mabre; mortier; moules; moules; fosse; terrine; baston,ongle; bouteille; pot; vaisseau de terre; fornaise de ceulx qui font des pots; pots; pots; vaisseau; esponge; chassis; chaulderon; creusol; tuile; charbons; forge des orfevres; countour de briques; fourneau à vent; creusel; pile; mortier; mabre; Pile; mortier; pilon; mortier; mortier; pilon; mabre; mortier; moules; moules; fosse; terrine; baston,fingernail; bottle; pot; earthen vessel; fornaise of those who make pots; pots; pots; vessel; sponge; frame; cauldron; crucible; tile; goldsmith’s forge; surrounded with bricks; fourneau à vent; crucible; pestle; mortar; marble; Pestle; mortar; pestle; mortar; mortar; pestle; marble; mortar; molds; molds; pit; terrine; stick
110r_1,tl,"[1, 3, 3]",moules,Mouler; mouler; moules,Molding; mold; molds
110r_3,tl,"[3, 6, 6]",pied; costeau; pied,pied; mouler; costeau; mouler; mouler; pied,foot; mold; knife; Molding; mold; underfoot
111r_1,tl,"[7, 6, 6]",moules; chassis; moules; moules; moules de noyau; moules  de chassis; chassis,moules; chassis; moules; moules; moules de noyau; moules  de chassis,molds; frames; molds; molds; Noyau molds; frame molds
111r_5,tl,"[3, 4, 4]",moules; moules; aiguilles,moules; crampons; moules; aiguilles,molds; clamps; molds; Needles
114r_1,m,"[35, 35, 33]",sable destrempe; poil de pourceau; salive; eau claire; eau; eau; huile; eau; huile; huile; huile; eau; huile; cordes de cistre; cire; fil de  fer chault; terre; ardille; eau de vye; eau de viye; sable; ardille; eau; eau; eau de vye; eau chaulde; eau; eau; huile; eau; eau; linge; pain; metal; fil de fer,sable destrempé; poil de pourceau; salive; eau claire; eau; eau; huile; eau; huile; huile; huile; eau; huile; cordes de cistre; cire; fil de  fer; terre; ardille; eau de vye; eau de viye; sable; ardille; eau; eau; eau de vye; eau chaulde; eau; eau; huile; eau; eau; linge; pain; metal; fil de fer,wet sand; hog  bristle; saliva; clear water; water; water; oil; water; oil; oil; oil; water; oil; cittern strings; wax; iron wire; earth; clay; eau-de-vie; eau-de-vie; sand; clay; water; water; eau-de-vie; hot water; water; water; oil; water; water; linen; bread
114r_1,mu,"[3, 3, 2]",cistre; mandorre; mandorre,cistre; mandorre; mandorre,cittern; mandore
114r_1,tl,"[44, 44, 43]",moule; costeau; trancheplume; molle; sayetes de poil de pourceau; moule; moule; moule; pinceau; moule; pinceau; moule; poinctes delicates de fil   de cist cordes de cistre; petites tenailles  plattes; poinctes; poincte; poinctes; moule; poincte; moule; costeau; molle; pinceau; moule; costeau; moles; moule; moules; moule; crampons; moules; moules; moule; moule; moule; moule; moules; linge rude; crampons; ciseaulx; moule; crampons; molles; crampons,moule; costeau; trancheplume; molle; petites sayetes de poil de pourceau; moule; moule; moule; pinceau; moule; pinceau; moule; poinctes delicates de fil de cist cordes de cistre; petites tenailles  plattes; poinctes; poincte; poinctes; moule; poincte d’un fil de  fer chault; moule; costeau; molle; pinceau; moule; costeau; moles; moule; moules; moule; crampons; moules; moules; moule; moule; moule; moule; moules; linge rude; crampons; ciseaulx; moule; crampons; molles; crampons,mold; knife; penknife; mold; tiny hog  bristle brushes; mold; mold; paintbrush; mold; paintbrush; mold; delicate points of fil of cist cittern strings; small flat pincers; points; point; points; mold; point of a hot iron wire; mold; knife; mold; paintbrush; mold; knife; molds; mold; molds; mold; clamps; molds; molds; mold; mold; mold; mold; molds; rough linen cloth; clamps; chisels; mold; clamps; molds; clamps
115v_1,m,"[13, 13, 12]",estaim; estaim; estaim; plomb; plomb; estaim fin; plomb; estain alie; estaim de glace; plomb  allie destain; estain allie de plomb; metalline; argent,estaim; estaim; estaim; plomb; plomb; estaim fin; plomb; estain alié; estaim de glace; plomb  allié d’estain; estain allié de plomb; metalline; argent,tin; tin; lead; lead; fine tin; lead; alloyed tin; looking-glass tin; lead alloyed with tin; tin alloyed with lead; metalline; silver
115v_1,ms,"[1, 1, 2]",quarte partie,quarte partie,"quarter part; hottish, such that you can hold it in your hand"
115v_1,sn,"[1, 1, 0]",chaudelet de telle sorte que tu le puisse tenir a la main,"chaudelet, de telle sorte que tu le puisse tenir à la main",
116r_4,m,"[16, 16, 15]",esmailler; or; or; or; esmailler; souldes; or; lames dargent; esmail; esmaillee; eau dfort; argent; or; esmail; or; ciment real,esmailler; or; or; or; esmailler; souldes; or; lames d’argent; esmail; esmaillée; eau dfort; argent; or; esmail; or; ciment real,enamel; gold; gold; enamel; solder; gold; silver strips; enamel; enameled; aquafortis; silver; gold; enamel; gold; ciment real
116r_4,ms,"[0, 0, 1]",,,gold
116v_2,ms,"[6, 6, 5]",pars; pars; grains; lb & demye ou deulx; la grosseur dune avelane avecq sa coquille; jusques a  ce que tu puisses  tenir le bout du doigt dans le gect sans te brusler,pars; pars; grains; lb & demye ou deulx; la grosseur d’une avelane avecq sa coquille; jusques à  ce que tu puisses  tenir le bout du doigt dans le gect sans te brusler,parts; parts; grains; lb & a half or two; as the size of a hazelnut with its shell
116v_2,sn,"[1, 1, 2]",sans te brusler,sans te brusler,until you can hold the tip of your finger in the gate without burning yourself; without burning yourself
116v_2,tl,"[5, 5, 6]",creuset; moule; poincte; moule; bout du doigt,creuset; moule; poincte; moule; bout du doigt,crucible; mold; point; cast; mold; tip of your finger
117r_1,m,"[23, 23, 21]",eau; vin; cire; fil de fer; ardille; bonne eau de vye; fer; terre; cire; terre; sable; fer; sable destrempe; eau de vye; eau de sel armoniac parmy la commune; sable; alum de  plume; ardille; cire; sable; cire; sable destrempe; sable,eau; vin; cire; fil de fer; ardille; bonne eau de vye; fer; terre; cire; terre; sable; fer; sable destrempé; eau de vye; eau de sel armoniac parmy la commune; sable; alum de  plume; ardille; cire; sable; cire; sable destrempé; sable,water; wine; wax; iron wire; clay; good eau-de-vie; earthen; wax; earthen; sand; wetted sand; eau-de-vie; sal ammoniac water among the common; sand; feather alum; clay; wax; sand; wax; tempered sand; sand
118v_1,oc,"[2, 3, 3]",crusol; crusol,crusol; crusol; crusol,crucible; crucible; crucible
120v_6,bp,"[3, 3, 4]",main; doibs; poin,main; doibs; poin,hand; hand; fingers; fist
120v_6,m,"[23, 23, 22]",sable le plus maigre & aride que tu pourras trouver; esmail; poulsiere; sable de riviere; linge; vinaigre distille; cire; mastic; resideure du vinaigre commun; sable; poulssiere; sable; sable; sable; sable; sable; sable; sable; sable de quoy  les orfevres usent  les esmaulx ou le  blanc dont usent  les verriers; esmaulx; sable maigre; poil de cheval; bled,sable le plus maigre & aride que tu pourras trouver; esmail; poulsiere; sable de riviere; linge; vinaigre distillé; cire; mastic; resideure du vinaigre commun; sable; poulssiere; sable; sable; sable; sable; sable; sable; sable; sable de quoy  les orfevres usent  les esmaulx ou le  blanc dont usent  les verriers; esmaulx; sable maigre; poil de cheval; bled,"sand, the leanest & driest you can find; enamel; dust; River sand; linen; distilled vinegar; wax; mastic; residue of common vinegar; sand; dust; sand; sand; sand; sand; sand; sand; sand with which goldsmiths buff enamels or the white one that glassmakers use; enamels; any lean sand that does not hold together; horsehair; grain"
123r_1,bp,"[7, 7, 8]",visaige; nes; bouche; yeulx; bouche; visage; yeulx,visaige; nes; bouche; yeulx; bouche; visage; yeulx,face; face; nose; mouth; eyes; mouth; face; eyes
124r_3,m,"[4, 4, 5]",eau; quarton; papier colle sur le quarton; estaim bien peu allie  de plomb,eau; quarton; papier collé sur le quarton; estaim bien peu allié  de plomb,"water; quarton; paper; glued to the quarton; tin, very little alloyed with lead"
125r_1,env,"[2, 2, 1]",pluyes; sur les maisons,pluyes; maisons,rain
125r_2,env,"[2, 2, 0]",mines; mine,mines; mine,
125r_2,m,"[9, 9, 11]",fer; acier; acier; sable; fer; fer fondu; fer douls; acier; sable,fer; acier; acier; sable; fer; fer fondu; fer douls; acier; sable,ore; iron; steel; steel; ore; sand; iron; melted iron; soft iron; steel; sand
126r_1,pa,"[11, 14, 14]",raisin; raisin; raisins; chauches; sauvignons; raisin; raisin; raisin; poires; pommes; amande,raisin; raisin; raisins; chauchés; sauvignons; grain; grain; raisin; grains; raisin; raisin; poires; pommes; amande,grapes; grapes; grapes; grapes; chauchés; sauvignons; grapes; grape; grapes; grapes; grapes; pears; apples; almond
126v_2,tl,"[2, 3, 3]",moules; moules,moules; presse; moules,molds; molds; press
127v_1,pl,"[1, 0, 0]",bolvene,,
127v_1,tl,"[34, 34, 31]",luter; moules; luter; crampons; crusols; moule; crampons; lutte; luter; moules; luter; lute; moule; tamisee; luter; moules; Fil de fer; Lute; moules; moule; moules; Lute; moule; moules; moles; forge; moules; forge; four  de reverberation; molles; Lutes; forge; tuelle; souflet,luter; moules; luter; crampons; crusols; moule; crampons; lutte; luter; moules; luter; lute; moule; tamisée; luter; moules; Fil de fer; Lute; moules; moule; moules; Lute; moule; moules; moles; forge; moules; forge; four  de reverberation; molles; lutes; forge; tuelle; souflet,lute; molds; luted; clamps; crucible; mold; clamps; lute; molds; lute; mold; sieved; molds; Iron wire; Lute; molds; mold; molds; Lute; mold; molds; molds; forge; molds; forge; reverberatory furnace; mold; lute; forge; blast-pipe; bellows
139r_1,m,"[45, 46, 45]",plomb; estaim; estaim fin; plomb noeuf & non  sophistique; sable; metaulx; plomb; plomb; charbons; rousine; crasse; crasse; estain de glace; plomb; metal fondu; plomb; metal; estaim fin; estain fin; plomb  neuf; planches de cuivre; sable; cendres; metal; os de seiche; os  de seiche; papier; papier; papier; foeillet  escript; plomb; estain; cartons; or; boys dur; plomb; carton; carton; terre; lames de cuivre; fer; bois; fer blanc; planches de cuivre; fer,"plomb; estaim; estaim fin; plomb noeuf & non  sophistiqué; sable; metaulx; ; plomb; plomb; charbons,; rousine; crasse; crasse; estain de glace; plomb,; metal fondu; plomb; metal; estaim fin; estain fin; plomb  neuf; planches de cuivre; sable; cendres; metal; os de seiche; os  de seiche; papier; papier; papier; foeillet  escript; plomb; estain; cartons; or; boys dur; plomb; carton; carton; terre; lames de cuivre; fer; bois; fer blanc; planches de cuivre; fer",lead; tin; fine tin; new & unadulterated lead; sand; metals; lead; lead; charcoal; rosin; filth; filth; looking-glass tin; lead; melted metal; lead; metal; fine tin; fine tin; new lead; sheets of copper; sand; ash; metal; cuttlefish bone; cuttlefish bone; paper; paper; paper; written paper; lead; tin; cartons; gold; hard wood; lead; carton; carton; earth; plates of copper; iron; wood; fer blanc; sheets of copper; iron
159r_3,m,"[7, 7, 8]",Colle de poisson; eau de vye; cendres  chauldes; or; argent; estain; souldant,Colle de poisson; eau de vye; cendres  chauldes; or; argent; estain; souldant,Fish glue; eau-de-vie; hot ashes; eau-de-vie; gold; silver; tin; soldered
161r_1,m,"[24, 24, 23]",sable pour chassis; sable de noyau dalu de gip de lateribus & alume  jameni; gip de lateribus; alume  jameni; lopins des moules; eau claire; ordures; eau; gip mat; or bruny; eau claire; eau claire; ordure; eau de sel armoniac; eau de sel armoniac; sable; eau de sel armoniac; sel  armoniac; sable; sel armoniac; litarge; pierres; terre; eau,sable pour chassis; sable de noyau dalu de gip de lateribus & alume  jameni; gip de lateribus; alume  jameni; lopins des moules; eau claire; ordures; eau; gip mat; or bruny; eau claire; eau claire; ordure; eau de sel armoniac; eau de sel armoniac; sable; eau de sel armoniac; sel  armoniac; sable; sel armoniac; litarge; pierres; terre; eau,sand for frames; sand de noyau dalu of gip of lateribus & alume jameni; gip of lateribus; alume jameni; pieces of molds; clear water; filth; water; gip mat; burnished gold; clear water; clear water; filth; sal ammoniac water; sal ammoniac water; sal ammoniac water; sal ammoniac; sand; sal ammoniac; litharge; stones; earth; water
163r_1,pa,"[0, 0, 1]",,,wheat
164v_2,m,"[11, 11, 10]",Sable; alum de plume; crocum; eau; alum; crocum; mauvais sable qui nest  que de plastre & brique & peu mesle dalum; plastre; brique; alum; eau,Sable; alum de plume; crocum; eau; alum; crocum; mauvais sable; plastre; brique; alum; eau,feather alum; crocum; water; alum; crocum; bad sand; plaster; brick; alum; water
166r_1,pa,"[0, 0, 1]",,,wheat
166r_1,pro,"[9, 9, 8]",moissonneur; artisans; orphelins; autheurs; inventeur; inventeurs; Tisserant; masson; medicari,moissonneur; artisans; orphelins; autheurs; inventeur; inventeurs; tisserant; masson; medicari,harvester; artisans; orphans; authors; inventor; weaver; mason; medicari
166r_1,tmp,"[6, 6, 5]",espace de mille ans; long temps; jour præcedent; subsequent; præcedents; subsequents,espace de mille ans; long temps; jour præcedent; subsequent; præcedents; subsequents,in the space of a thousand years; long; preceding day; subsequent; preceded
166r_1,la,"[7, 7, 8]",nullum est jam dictum quod non dictum aut factum  sit prius; Apollo a Chirone medicari  didicit & tamen Deus medicinæ habitus; Homerus orphei poema  imitatus est Nam cum Orpheus sic prius exorsus esset Iram cane deam dea Cereris frugiferentis Ita reddit homerus Iram cane dea Pelidæ achillis In Justino martire circa princip.; in Sinopsi; parvus eram; Manus meӕ; Manus meӕ fecerunt organum et digiti  mei aptarunt psalterium,"nullum est jam dictum quod non dictum aut factum  sit prius; Apollo a Chirone medicari  didicit & tamen deus medicinæ habitus.; Homerus Orphei poema  imitatus est, nam cum Orpheus sic prius exorsus esset: Iram cane, deam dea, Cereris frugiferentis, ita reddit Homerus: Iram cane, dea, Pelidæ Achillis. In Justino martire, circa principium.; in Sinopsi; Parvus eram; Manus meӕ; Manus meӕ fecerunt organum et digiti  mei aptarunt psalterium","nullum est jam dictum quod non dictum aut factum sit prius; Apollo a Chirone medicari didicit & tamen deus medicinæ habitus; Homerus Orphei poema imitatus est, nam cum Orpheus sic prius exorsus esset: Iram cane, deam dea, Cereris frugiferentis, ita reddit Homerus: Iram cane, dea, Pelidæ Achillis. In Justino martire, circa principium.; deam; in Sinopsi; Parvus eram; Manus meae; Manus meae fecerunt organum et digiti mei aptarunt psalterium"
167r_1,wp,"[22, 21, 22]",mortier; mortier; mortier; mortier; mortiers; mortiers; mortiers; mortier; pistoles; mortiers; mortier; mortier; mortier; mortier; mortier; mortier; mortier; mortier; mortier; mortier; mortier; mortier,mortier; mortier; mortier; mortier; mortiers; mortiers; mortier; pistoles; mortiers; mortier; mortier; mortier; mortier; mortier; mortier; mortier; Mortier; mortier; mortier; mortier; mortier,petard; petard; petard; petard; petards; petards; petard; petards; petard; pistol; petards; petard; petard; petard; petard; petard; petard; Petard; petard; petard; petard; petard
170v_2,m,"[4, 4, 3]",opiate; eau de scabieuse; buglose; vin fort trempe,opiate; eau de scabieuse; buglose; vin fort trempé,opiate; scabious or bugloss water; thoroughly tempered wine
